user_id,resource_id,rating,completion,goals,level,timestamp
user_001,res_038,3,0.83,linux machine_learning python,进阶,2026-03-06T21:00:00
user_001,res_028,2,0.53,linux machine_learning python,进阶,2026-03-11T07:00:00
user_001,res_048,4,0.84,linux machine_learning python,进阶,2026-04-05T00:00:00
user_001,res_002,4,0.72,linux machine_learning python,进阶,2026-04-15T06:00:00
user_001,res_062,2,0.57,linux machine_learning python,进阶,2026-04-15T11:00:00
user_001,res_035,2,0.83,linux machine_learning python,进阶,2026-04-18T02:00:00
user_001,res_007,4,0.72,linux machine_learning python,进阶,2026-04-24T10:00:00
user_001,res_003,4,0.81,linux machine_learning python,进阶,2026-04-28T20:00:00
user_001,res_029,2,0.51,linux machine_learning python,进阶,2026-05-17T00:00:00
user_001,res_006,4,1.0,linux machine_learning python,进阶,2026-05-19T11:00:00
user_001,res_009,4,0.96,linux machine_learning python,进阶,2026-05-29T17:00:00
user_001,res_058,2,0.76,linux machine_learning python,进阶,2026-06-02T14:00:00
user_001,res_044,3,0.62,linux machine_learning python,进阶,2026-06-06T10:00:00
user_002,res_018,3,0.62,linux math web_backend,实战,2026-03-18T16:00:00
user_002,res_035,4,0.66,linux math web_backend,实战,2026-04-10T12:00:00
user_002,res_011,2,0.8,linux math web_backend,实战,2026-04-28T04:00:00
user_002,res_030,2,0.52,linux math web_backend,实战,2026-05-11T17:00:00
user_002,res_036,4,0.82,linux math web_backend,实战,2026-05-16T14:00:00
user_002,res_016,3,0.67,linux math web_backend,实战,2026-05-23T15:00:00
user_002,res_045,4,0.72,linux math web_backend,实战,2026-05-27T13:00:00
user_002,res_022,2,0.55,linux math web_backend,实战,2026-06-07T01:00:00
user_002,res_041,4,0.97,linux math web_backend,实战,2026-06-19T03:00:00
user_002,res_025,2,0.66,linux math web_backend,实战,2026-06-23T18:00:00
user_002,res_047,3,0.62,linux math web_backend,实战,2026-06-29T18:00:00
user_003,res_011,2,0.62,career python web_backend,实战,2026-03-09T17:00:00
user_003,res_042,3,0.75,career python web_backend,实战,2026-03-26T04:00:00
user_003,res_030,3,0.59,career python web_backend,实战,2026-04-30T17:00:00
user_003,res_008,5,1.0,career python web_backend,实战,2026-05-02T00:00:00
user_003,res_035,5,0.88,career python web_backend,实战,2026-05-04T05:00:00
user_003,res_028,2,0.51,career python web_backend,实战,2026-05-12T02:00:00
user_003,res_001,4,0.88,career python web_backend,实战,2026-05-17T13:00:00
user_003,res_050,3,0.58,career python web_backend,实战,2026-05-20T09:00:00
user_003,res_047,3,0.93,career python web_backend,实战,2026-06-05T23:00:00
user_003,res_022,2,0.48,career python web_backend,实战,2026-06-08T16:00:00
user_003,res_019,2,0.57,career python web_backend,实战,2026-06-15T09:00:00
user_004,res_057,2,0.71,deep_learning linux nlp,进阶,2026-03-08T07:00:00
user_004,res_005,3,0.95,deep_learning linux nlp,进阶,2026-03-13T01:00:00
user_004,res_052,2,0.62,deep_learning linux nlp,进阶,2026-03-28T12:00:00
user_004,res_038,3,0.65,deep_learning linux nlp,进阶,2026-04-01T02:00:00
user_004,res_058,2,0.42,deep_learning linux nlp,进阶,2026-04-12T02:00:00
user_004,res_016,2,0.45,deep_learning linux nlp,进阶,2026-04-25T11:00:00
user_004,res_002,2,0.49,deep_learning linux nlp,进阶,2026-04-27T04:00:00
user_004,res_008,2,0.51,deep_learning linux nlp,进阶,2026-04-30T13:00:00
user_004,res_034,2,0.53,deep_learning linux nlp,进阶,2026-05-02T06:00:00
user_004,res_036,2,0.78,deep_learning linux nlp,进阶,2026-05-10T03:00:00
user_004,res_015,2,0.61,deep_learning linux nlp,进阶,2026-06-02T01:00:00
user_004,res_063,2,0.84,deep_learning linux nlp,进阶,2026-06-16T00:00:00
user_004,res_054,3,0.93,deep_learning linux nlp,进阶,2026-06-17T07:00:00
user_004,res_022,4,0.8,deep_learning linux nlp,进阶,2026-06-19T03:00:00
user_004,res_029,4,0.96,deep_learning linux nlp,进阶,2026-06-21T18:00:00
user_005,res_060,2,0.73,machine_learning nlp python,基础,2026-03-08T01:00:00
user_005,res_036,2,0.73,machine_learning nlp python,基础,2026-03-10T00:00:00
user_005,res_062,2,0.82,machine_learning nlp python,基础,2026-03-11T05:00:00
user_005,res_028,4,0.67,machine_learning nlp python,基础,2026-03-11T13:00:00
user_005,res_043,2,0.84,machine_learning nlp python,基础,2026-03-13T02:00:00
user_005,res_046,3,0.75,machine_learning nlp python,基础,2026-03-17T11:00:00
user_005,res_047,2,0.72,machine_learning nlp python,基础,2026-03-31T08:00:00
user_005,res_061,3,0.82,machine_learning nlp python,基础,2026-04-08T14:00:00
user_005,res_045,3,0.77,machine_learning nlp python,基础,2026-04-10T08:00:00
user_005,res_032,4,1.0,machine_learning nlp python,基础,2026-04-17T09:00:00
user_005,res_019,2,0.81,machine_learning nlp python,基础,2026-05-12T07:00:00
user_005,res_034,3,0.95,machine_learning nlp python,基础,2026-05-14T23:00:00
user_005,res_013,4,1.0,machine_learning nlp python,基础,2026-05-23T16:00:00
user_005,res_010,3,0.89,machine_learning nlp python,基础,2026-05-30T09:00:00
user_005,res_051,3,0.75,machine_learning nlp python,基础,2026-06-18T16:00:00
user_005,res_030,4,0.68,machine_learning nlp python,基础,2026-06-19T07:00:00
user_006,res_010,3,0.59,linux python web_backend,进阶,2026-03-17T01:00:00
user_006,res_019,3,0.62,linux python web_backend,进阶,2026-04-01T21:00:00
user_006,res_017,3,0.75,linux python web_backend,进阶,2026-04-02T01:00:00
user_006,res_008,3,0.71,linux python web_backend,进阶,2026-04-05T01:00:00
user_006,res_057,2,0.74,linux python web_backend,进阶,2026-05-21T08:00:00
user_006,res_018,2,0.56,linux python web_backend,进阶,2026-05-27T20:00:00
user_006,res_007,3,0.72,linux python web_backend,进阶,2026-05-30T13:00:00
user_006,res_064,3,0.92,linux python web_backend,进阶,2026-06-10T01:00:00
user_006,res_036,4,0.88,linux python web_backend,进阶,2026-06-15T11:00:00
user_006,res_039,3,0.87,linux python web_backend,进阶,2026-06-22T13:00:00
user_006,res_048,4,0.7,linux python web_backend,进阶,2026-06-29T22:00:00
user_007,res_052,4,1.0,deep_learning machine_learning math,基础,2026-03-05T03:00:00
user_007,res_057,3,0.61,deep_learning machine_learning math,基础,2026-03-06T22:00:00
user_007,res_062,2,0.83,deep_learning machine_learning math,基础,2026-03-15T12:00:00
user_007,res_045,2,0.7,deep_learning machine_learning math,基础,2026-03-16T23:00:00
user_007,res_048,3,0.9,deep_learning machine_learning math,基础,2026-03-29T00:00:00
user_007,res_027,3,0.58,deep_learning machine_learning math,基础,2026-04-03T05:00:00
user_007,res_060,3,0.7,deep_learning machine_learning math,基础,2026-04-05T02:00:00
user_007,res_012,4,1.0,deep_learning machine_learning math,基础,2026-04-14T09:00:00
user_007,res_004,3,0.55,deep_learning machine_learning math,基础,2026-04-30T07:00:00
user_007,res_051,4,1.0,deep_learning machine_learning math,基础,2026-05-08T10:00:00
user_007,res_022,4,0.77,deep_learning machine_learning math,基础,2026-05-22T16:00:00
user_007,res_011,3,0.72,deep_learning machine_learning math,基础,2026-05-25T10:00:00
user_007,res_007,3,0.75,deep_learning machine_learning math,基础,2026-05-25T13:00:00
user_007,res_018,4,1.0,deep_learning machine_learning math,基础,2026-06-03T21:00:00
user_007,res_043,2,0.56,deep_learning machine_learning math,基础,2026-06-09T10:00:00
user_007,res_016,4,0.87,deep_learning machine_learning math,基础,2026-06-12T17:00:00
user_008,res_044,4,0.75,career linux nlp,进阶,2026-03-26T04:00:00
user_008,res_036,2,0.43,career linux nlp,进阶,2026-04-01T03:00:00
user_008,res_028,4,0.85,career linux nlp,进阶,2026-04-03T07:00:00
user_008,res_017,3,0.79,career linux nlp,进阶,2026-04-11T14:00:00
user_008,res_040,2,0.72,career linux nlp,进阶,2026-04-19T15:00:00
user_008,res_012,3,0.56,career linux nlp,进阶,2026-04-23T20:00:00
user_008,res_048,3,0.64,career linux nlp,进阶,2026-04-30T19:00:00
user_008,res_019,2,0.72,career linux nlp,进阶,2026-05-04T13:00:00
user_008,res_013,2,0.7,career linux nlp,进阶,2026-05-05T15:00:00
user_008,res_043,4,0.77,career linux nlp,进阶,2026-05-24T20:00:00
user_008,res_001,2,0.75,career linux nlp,进阶,2026-05-25T16:00:00
user_008,res_037,2,0.47,career linux nlp,进阶,2026-05-28T00:00:00
user_008,res_027,5,1.0,career linux nlp,进阶,2026-06-03T05:00:00
user_008,res_025,4,0.69,career linux nlp,进阶,2026-06-05T07:00:00
user_008,res_054,3,0.79,career linux nlp,进阶,2026-06-05T14:00:00
user_008,res_026,4,0.74,career linux nlp,进阶,2026-06-11T22:00:00
user_008,res_020,3,0.9,career linux nlp,进阶,2026-06-22T03:00:00
user_008,res_014,3,0.77,career linux nlp,进阶,2026-06-23T05:00:00
user_009,res_010,3,0.82,career math web_backend,进阶,2026-03-11T20:00:00
user_009,res_019,3,0.86,career math web_backend,进阶,2026-04-18T15:00:00
user_009,res_005,2,0.5,career math web_backend,进阶,2026-04-23T12:00:00
user_009,res_018,3,0.94,career math web_backend,进阶,2026-04-23T17:00:00
user_009,res_021,2,0.53,career math web_backend,进阶,2026-05-02T00:00:00
user_009,res_029,2,0.59,career math web_backend,进阶,2026-05-09T14:00:00
user_009,res_022,3,0.76,career math web_backend,进阶,2026-05-17T07:00:00
user_009,res_046,3,0.78,career math web_backend,进阶,2026-05-29T00:00:00
user_009,res_036,3,0.83,career math web_backend,进阶,2026-05-30T06:00:00
user_009,res_016,2,0.56,career math web_backend,进阶,2026-06-05T12:00:00
user_009,res_035,4,0.94,career math web_backend,进阶,2026-06-11T12:00:00
user_009,res_009,3,0.76,career math web_backend,进阶,2026-06-25T12:00:00
user_009,res_006,3,0.89,career math web_backend,进阶,2026-06-26T04:00:00
user_010,res_063,3,0.58,machine_learning math nlp,基础,2026-03-04T09:00:00
user_010,res_025,4,0.97,machine_learning math nlp,基础,2026-03-07T11:00:00
user_010,res_014,5,1.0,machine_learning math nlp,基础,2026-03-26T00:00:00
user_010,res_034,3,0.89,machine_learning math nlp,基础,2026-04-02T02:00:00
user_010,res_018,2,0.8,machine_learning math nlp,基础,2026-04-18T12:00:00
user_010,res_062,2,0.82,machine_learning math nlp,基础,2026-04-29T22:00:00
user_010,res_030,4,0.75,machine_learning math nlp,基础,2026-04-30T21:00:00
user_010,res_022,2,0.57,machine_learning math nlp,基础,2026-05-17T19:00:00
user_010,res_021,2,0.44,machine_learning math nlp,基础,2026-05-23T01:00:00
user_010,res_049,4,0.96,machine_learning math nlp,基础,2026-06-08T05:00:00
user_011,res_003,5,0.89,nlp python web_backend,实战,2026-03-02T16:00:00
user_011,res_020,3,0.73,nlp python web_backend,实战,2026-03-20T13:00:00
user_011,res_060,3,0.64,nlp python web_backend,实战,2026-04-05T19:00:00
user_011,res_051,2,0.7,nlp python web_backend,实战,2026-04-13T00:00:00
user_011,res_050,3,0.58,nlp python web_backend,实战,2026-04-16T20:00:00
user_011,res_014,2,0.59,nlp python web_backend,实战,2026-04-17T02:00:00
user_011,res_037,4,0.79,nlp python web_backend,实战,2026-05-02T06:00:00
user_011,res_039,4,1.0,nlp python web_backend,实战,2026-05-15T08:00:00
user_011,res_055,2,0.63,nlp python web_backend,实战,2026-05-23T08:00:00
user_011,res_008,4,0.84,nlp python web_backend,实战,2026-06-05T14:00:00
user_011,res_044,3,0.93,nlp python web_backend,实战,2026-06-08T15:00:00
user_011,res_045,3,0.68,nlp python web_backend,实战,2026-06-17T13:00:00
user_011,res_052,2,0.52,nlp python web_backend,实战,2026-06-28T02:00:00
user_012,res_032,4,0.73,machine_learning nlp python,实战,2026-03-02T22:00:00
user_012,res_006,4,0.8,machine_learning nlp python,实战,2026-03-07T08:00:00
user_012,res_029,4,0.77,machine_learning nlp python,实战,2026-03-07T17:00:00
user_012,res_046,2,0.45,machine_learning nlp python,实战,2026-03-25T09:00:00
user_012,res_002,3,0.54,machine_learning nlp python,实战,2026-04-06T15:00:00
user_012,res_036,3,0.76,machine_learning nlp python,实战,2026-04-24T23:00:00
user_012,res_049,3,0.68,machine_learning nlp python,实战,2026-04-28T08:00:00
user_012,res_031,3,0.62,machine_learning nlp python,实战,2026-05-01T08:00:00
user_012,res_042,3,0.95,machine_learning nlp python,实战,2026-05-07T19:00:00
user_012,res_026,4,0.71,machine_learning nlp python,实战,2026-05-12T09:00:00
user_012,res_063,3,0.66,machine_learning nlp python,实战,2026-05-14T11:00:00
user_012,res_015,4,0.68,machine_learning nlp python,实战,2026-05-20T21:00:00
user_012,res_051,2,0.82,machine_learning nlp python,实战,2026-05-21T15:00:00
user_012,res_016,4,0.75,machine_learning nlp python,实战,2026-06-01T06:00:00
user_012,res_045,3,0.85,machine_learning nlp python,实战,2026-06-06T22:00:00
user_012,res_019,3,0.74,machine_learning nlp python,实战,2026-06-14T02:00:00
user_013,res_056,3,0.89,career machine_learning python,实战,2026-03-10T01:00:00
user_013,res_050,3,0.64,career machine_learning python,实战,2026-03-11T05:00:00
user_013,res_034,2,0.65,career machine_learning python,实战,2026-03-21T00:00:00
user_013,res_059,5,0.8,career machine_learning python,实战,2026-03-30T08:00:00
user_013,res_057,4,0.82,career machine_learning python,实战,2026-04-04T16:00:00
user_013,res_064,3,0.65,career machine_learning python,实战,2026-04-06T22:00:00
user_013,res_028,3,0.72,career machine_learning python,实战,2026-04-29T22:00:00
user_013,res_025,3,0.83,career machine_learning python,实战,2026-04-30T09:00:00
user_013,res_037,3,0.72,career machine_learning python,实战,2026-05-16T01:00:00
user_013,res_040,3,0.85,career machine_learning python,实战,2026-05-17T08:00:00
user_013,res_020,2,0.64,career machine_learning python,实战,2026-05-22T04:00:00
user_013,res_060,5,1.0,career machine_learning python,实战,2026-05-24T06:00:00
user_013,res_004,3,0.63,career machine_learning python,实战,2026-05-26T18:00:00
user_013,res_038,2,0.54,career machine_learning python,实战,2026-06-04T18:00:00
user_013,res_029,3,0.57,career machine_learning python,实战,2026-06-06T06:00:00
user_013,res_051,2,0.42,career machine_learning python,实战,2026-06-06T21:00:00
user_014,res_032,2,0.71,career python web_backend,基础,2026-03-16T00:00:00
user_014,res_043,2,0.47,career python web_backend,基础,2026-03-25T19:00:00
user_014,res_006,5,1.0,career python web_backend,基础,2026-03-31T22:00:00
user_014,res_018,2,0.45,career python web_backend,基础,2026-04-02T10:00:00
user_014,res_041,2,0.62,career python web_backend,基础,2026-04-26T01:00:00
user_014,res_021,2,0.77,career python web_backend,基础,2026-04-30T07:00:00
user_014,res_022,2,0.72,career python web_backend,基础,2026-05-05T22:00:00
user_014,res_028,2,0.43,career python web_backend,基础,2026-05-06T11:00:00
user_014,res_031,2,0.65,career python web_backend,基础,2026-05-10T13:00:00
user_014,res_057,5,0.91,career python web_backend,基础,2026-05-28T15:00:00
user_014,res_059,4,1.0,career python web_backend,基础,2026-06-13T17:00:00
user_014,res_027,2,0.46,career python web_backend,基础,2026-06-15T04:00:00
user_014,res_007,4,1.0,career python web_backend,基础,2026-06-19T02:00:00
user_014,res_012,2,0.74,career python web_backend,基础,2026-06-19T16:00:00
user_014,res_038,4,0.65,career python web_backend,基础,2026-06-20T17:00:00
user_014,res_023,2,0.84,career python web_backend,基础,2026-06-25T03:00:00
user_014,res_053,2,0.65,career python web_backend,基础,2026-06-27T09:00:00
user_015,res_020,3,0.74,math nlp web_backend,进阶,2026-03-05T04:00:00
user_015,res_064,3,0.55,math nlp web_backend,进阶,2026-03-09T07:00:00
user_015,res_022,3,0.57,math nlp web_backend,进阶,2026-03-22T22:00:00
user_015,res_031,4,1.0,math nlp web_backend,进阶,2026-03-30T23:00:00
user_015,res_053,4,1.0,math nlp web_backend,进阶,2026-03-31T18:00:00
user_015,res_036,4,0.66,math nlp web_backend,进阶,2026-04-11T01:00:00
user_015,res_001,2,0.78,math nlp web_backend,进阶,2026-04-22T01:00:00
user_015,res_038,5,0.96,math nlp web_backend,进阶,2026-05-07T14:00:00
user_015,res_032,4,0.95,math nlp web_backend,进阶,2026-05-23T02:00:00
user_015,res_029,4,0.79,math nlp web_backend,进阶,2026-05-31T15:00:00
user_015,res_023,2,0.83,math nlp web_backend,进阶,2026-06-06T20:00:00
user_015,res_043,3,0.56,math nlp web_backend,进阶,2026-06-09T08:00:00
user_015,res_047,3,0.82,math nlp web_backend,进阶,2026-06-14T20:00:00
user_015,res_010,3,0.9,math nlp web_backend,进阶,2026-06-18T17:00:00
user_015,res_054,4,0.9,math nlp web_backend,进阶,2026-06-20T03:00:00
user_015,res_057,2,0.47,math nlp web_backend,进阶,2026-06-20T20:00:00
user_015,res_019,2,0.61,math nlp web_backend,进阶,2026-06-25T12:00:00
user_015,res_035,4,0.81,math nlp web_backend,进阶,2026-06-28T10:00:00
user_016,res_058,2,0.71,deep_learning math web_backend,进阶,2026-03-03T21:00:00
user_016,res_037,4,0.94,deep_learning math web_backend,进阶,2026-03-21T02:00:00
user_016,res_034,3,0.73,deep_learning math web_backend,进阶,2026-04-02T14:00:00
user_016,res_051,4,0.83,deep_learning math web_backend,进阶,2026-04-02T14:00:00
user_016,res_011,2,0.57,deep_learning math web_backend,进阶,2026-04-15T18:00:00
user_016,res_012,3,0.62,deep_learning math web_backend,进阶,2026-04-19T15:00:00
user_016,res_044,2,0.56,deep_learning math web_backend,进阶,2026-05-15T09:00:00
user_016,res_027,2,0.41,deep_learning math web_backend,进阶,2026-06-11T14:00:00
user_016,res_006,2,0.41,deep_learning math web_backend,进阶,2026-06-19T21:00:00
user_016,res_025,3,0.89,deep_learning math web_backend,进阶,2026-06-24T09:00:00
user_016,res_032,2,0.51,deep_learning math web_backend,进阶,2026-06-25T18:00:00
user_016,res_040,4,1.0,deep_learning math web_backend,进阶,2026-06-25T19:00:00
user_017,res_041,2,0.75,deep_learning nlp web_backend,基础,2026-03-02T08:00:00
user_017,res_033,3,0.87,deep_learning nlp web_backend,基础,2026-03-05T18:00:00
user_017,res_063,3,0.68,deep_learning nlp web_backend,基础,2026-03-15T14:00:00
user_017,res_050,2,0.53,deep_learning nlp web_backend,基础,2026-03-22T08:00:00
user_017,res_049,2,0.59,deep_learning nlp web_backend,基础,2026-03-26T04:00:00
user_017,res_054,3,0.59,deep_learning nlp web_backend,基础,2026-03-29T21:00:00
user_017,res_042,3,0.58,deep_learning nlp web_backend,基础,2026-03-30T15:00:00
user_017,res_047,3,0.91,deep_learning nlp web_backend,基础,2026-04-16T16:00:00
user_017,res_007,2,0.61,deep_learning nlp web_backend,基础,2026-05-26T23:00:00
user_017,res_043,3,0.94,deep_learning nlp web_backend,基础,2026-06-12T09:00:00
user_017,res_055,3,0.78,deep_learning nlp web_backend,基础,2026-06-14T20:00:00
user_017,res_009,3,0.95,deep_learning nlp web_backend,基础,2026-06-17T17:00:00
user_017,res_044,2,0.47,deep_learning nlp web_backend,基础,2026-06-25T09:00:00
user_018,res_064,2,0.68,math python web_backend,进阶,2026-03-03T01:00:00
user_018,res_008,4,1.0,math python web_backend,进阶,2026-03-12T21:00:00
user_018,res_009,3,0.74,math python web_backend,进阶,2026-03-13T07:00:00
user_018,res_003,4,0.75,math python web_backend,进阶,2026-03-17T18:00:00
user_018,res_027,3,0.7,math python web_backend,进阶,2026-03-25T03:00:00
user_018,res_020,2,0.6,math python web_backend,进阶,2026-03-31T11:00:00
user_018,res_041,3,0.59,math python web_backend,进阶,2026-04-28T11:00:00
user_018,res_053,4,0.97,math python web_backend,进阶,2026-05-09T13:00:00
user_018,res_042,2,0.7,math python web_backend,进阶,2026-05-09T20:00:00
user_018,res_062,2,0.77,math python web_backend,进阶,2026-05-10T06:00:00
user_018,res_059,3,0.89,math python web_backend,进阶,2026-05-18T13:00:00
user_018,res_045,3,0.65,math python web_backend,进阶,2026-05-28T11:00:00
user_018,res_030,2,0.72,math python web_backend,进阶,2026-06-22T13:00:00
user_019,res_017,2,0.61,machine_learning math nlp,进阶,2026-03-04T01:00:00
user_019,res_055,4,0.83,machine_learning math nlp,进阶,2026-03-15T23:00:00
user_019,res_008,3,0.67,machine_learning math nlp,进阶,2026-03-19T02:00:00
user_019,res_009,4,0.84,machine_learning math nlp,进阶,2026-03-29T19:00:00
user_019,res_018,2,0.42,machine_learning math nlp,进阶,2026-04-03T01:00:00
user_019,res_010,4,0.84,machine_learning math nlp,进阶,2026-04-16T16:00:00
user_019,res_052,4,1.0,machine_learning math nlp,进阶,2026-04-24T21:00:00
user_019,res_012,3,0.84,machine_learning math nlp,进阶,2026-04-26T02:00:00
user_019,res_043,2,0.68,machine_learning math nlp,进阶,2026-05-14T17:00:00
user_019,res_002,3,0.69,machine_learning math nlp,进阶,2026-05-16T16:00:00
user_019,res_001,2,0.56,machine_learning math nlp,进阶,2026-06-09T07:00:00
user_019,res_035,2,0.75,machine_learning math nlp,进阶,2026-06-19T21:00:00
user_020,res_029,4,0.93,career nlp web_backend,实战,2026-03-04T19:00:00
user_020,res_008,2,0.77,career nlp web_backend,实战,2026-03-12T13:00:00
user_020,res_036,4,0.87,career nlp web_backend,实战,2026-03-20T21:00:00
user_020,res_015,3,0.89,career nlp web_backend,实战,2026-04-04T00:00:00
user_020,res_027,3,0.83,career nlp web_backend,实战,2026-04-09T10:00:00
user_020,res_050,2,0.53,career nlp web_backend,实战,2026-04-09T11:00:00
user_020,res_047,2,0.77,career nlp web_backend,实战,2026-04-14T17:00:00
user_020,res_059,4,0.7,career nlp web_backend,实战,2026-04-15T21:00:00
user_020,res_013,2,0.61,career nlp web_backend,实战,2026-04-23T23:00:00
user_020,res_042,2,0.66,career nlp web_backend,实战,2026-05-11T17:00:00
user_020,res_014,2,0.74,career nlp web_backend,实战,2026-05-13T07:00:00
user_020,res_051,2,0.59,career nlp web_backend,实战,2026-05-25T08:00:00
user_020,res_028,5,1.0,career nlp web_backend,实战,2026-06-07T19:00:00
user_020,res_055,2,0.73,career nlp web_backend,实战,2026-06-12T04:00:00
user_020,res_057,4,0.83,career nlp web_backend,实战,2026-06-26T23:00:00
user_020,res_045,3,0.6,career nlp web_backend,实战,2026-06-27T15:00:00
user_021,res_020,3,0.58,linux machine_learning python,基础,2026-03-03T10:00:00
user_021,res_022,2,0.78,linux machine_learning python,基础,2026-03-06T13:00:00
user_021,res_010,3,0.55,linux machine_learning python,基础,2026-03-21T19:00:00
user_021,res_034,3,0.55,linux machine_learning python,基础,2026-03-27T09:00:00
user_021,res_062,2,0.54,linux machine_learning python,基础,2026-03-29T12:00:00
user_021,res_002,4,0.87,linux machine_learning python,基础,2026-04-14T13:00:00
user_021,res_041,4,0.91,linux machine_learning python,基础,2026-04-23T08:00:00
user_021,res_048,3,0.57,linux machine_learning python,基础,2026-04-26T21:00:00
user_021,res_025,2,0.46,linux machine_learning python,基础,2026-05-03T23:00:00
user_021,res_027,2,0.47,linux machine_learning python,基础,2026-05-08T22:00:00
user_021,res_009,4,0.98,linux machine_learning python,基础,2026-05-12T19:00:00
user_021,res_006,4,0.94,linux machine_learning python,基础,2026-05-15T15:00:00
user_021,res_030,2,0.65,linux machine_learning python,基础,2026-05-25T11:00:00
user_021,res_024,2,0.66,linux machine_learning python,基础,2026-05-30T20:00:00
user_021,res_014,5,1.0,linux machine_learning python,基础,2026-06-06T08:00:00
user_021,res_011,3,0.93,linux machine_learning python,基础,2026-06-19T10:00:00
user_022,res_020,3,0.73,deep_learning math web_backend,进阶,2026-03-05T01:00:00
user_022,res_007,2,0.47,deep_learning math web_backend,进阶,2026-03-26T05:00:00
user_022,res_034,4,1.0,deep_learning math web_backend,进阶,2026-04-10T04:00:00
user_022,res_057,3,0.78,deep_learning math web_backend,进阶,2026-04-15T16:00:00
user_022,res_038,5,1.0,deep_learning math web_backend,进阶,2026-04-27T21:00:00
user_022,res_022,4,0.87,deep_learning math web_backend,进阶,2026-04-29T18:00:00
user_022,res_063,2,0.74,deep_learning math web_backend,进阶,2026-05-03T14:00:00
user_022,res_012,2,0.48,deep_learning math web_backend,进阶,2026-05-05T20:00:00
user_022,res_006,2,0.61,deep_learning math web_backend,进阶,2026-05-20T09:00:00
user_022,res_026,3,0.77,deep_learning math web_backend,进阶,2026-05-21T19:00:00
user_022,res_048,2,0.53,deep_learning math web_backend,进阶,2026-05-22T02:00:00
user_022,res_055,4,1.0,deep_learning math web_backend,进阶,2026-05-22T04:00:00
user_022,res_016,2,0.74,deep_learning math web_backend,进阶,2026-05-23T02:00:00
user_022,res_015,2,0.75,deep_learning math web_backend,进阶,2026-06-23T01:00:00
user_022,res_028,2,0.63,deep_learning math web_backend,进阶,2026-06-24T11:00:00
user_023,res_010,3,0.81,career math web_backend,实战,2026-03-09T10:00:00
user_023,res_006,3,0.92,career math web_backend,实战,2026-03-12T20:00:00
user_023,res_042,2,0.48,career math web_backend,实战,2026-04-01T22:00:00
user_023,res_004,2,0.7,career math web_backend,实战,2026-04-06T08:00:00
user_023,res_031,2,0.57,career math web_backend,实战,2026-04-06T12:00:00
user_023,res_039,4,0.84,career math web_backend,实战,2026-05-06T19:00:00
user_023,res_007,3,0.67,career math web_backend,实战,2026-05-14T21:00:00
user_023,res_033,4,0.8,career math web_backend,实战,2026-05-16T01:00:00
user_023,res_052,3,0.68,career math web_backend,实战,2026-05-23T22:00:00
user_023,res_054,4,0.71,career math web_backend,实战,2026-05-30T02:00:00
user_023,res_022,2,0.57,career math web_backend,实战,2026-06-10T10:00:00
user_023,res_046,3,0.82,career math web_backend,实战,2026-06-15T23:00:00
user_023,res_029,3,0.81,career math web_backend,实战,2026-06-25T19:00:00
user_024,res_051,5,0.99,deep_learning math web_backend,基础,2026-03-16T09:00:00
user_024,res_061,2,0.57,deep_learning math web_backend,基础,2026-03-21T05:00:00
user_024,res_010,2,0.59,deep_learning math web_backend,基础,2026-03-21T06:00:00
user_024,res_032,3,0.87,deep_learning math web_backend,基础,2026-03-30T17:00:00
user_024,res_005,3,0.59,deep_learning math web_backend,基础,2026-04-02T01:00:00
user_024,res_009,3,0.73,deep_learning math web_backend,基础,2026-04-06T12:00:00
user_024,res_022,4,0.67,deep_learning math web_backend,基础,2026-04-16T21:00:00
user_024,res_007,2,0.48,deep_learning math web_backend,基础,2026-04-27T16:00:00
user_024,res_019,4,1.0,deep_learning math web_backend,基础,2026-05-10T03:00:00
user_024,res_050,4,1.0,deep_learning math web_backend,基础,2026-05-18T09:00:00
user_024,res_015,3,0.61,deep_learning math web_backend,基础,2026-05-26T18:00:00
user_024,res_040,4,0.88,deep_learning math web_backend,基础,2026-06-03T16:00:00
user_024,res_012,2,0.55,deep_learning math web_backend,基础,2026-06-07T19:00:00
user_024,res_013,2,0.83,deep_learning math web_backend,基础,2026-06-09T15:00:00
user_024,res_014,3,0.86,deep_learning math web_backend,基础,2026-06-12T05:00:00
user_025,res_033,2,0.68,deep_learning math nlp,基础,2026-03-09T03:00:00
user_025,res_002,3,0.53,deep_learning math nlp,基础,2026-03-11T00:00:00
user_025,res_026,3,0.58,deep_learning math nlp,基础,2026-03-31T13:00:00
user_025,res_025,4,0.65,deep_learning math nlp,基础,2026-04-15T07:00:00
user_025,res_024,4,0.86,deep_learning math nlp,基础,2026-05-08T00:00:00
user_025,res_027,3,0.89,deep_learning math nlp,基础,2026-05-10T23:00:00
user_025,res_006,3,0.61,deep_learning math nlp,基础,2026-05-25T02:00:00
user_025,res_060,3,0.59,deep_learning math nlp,基础,2026-05-30T15:00:00
user_025,res_016,2,0.66,deep_learning math nlp,基础,2026-05-31T04:00:00
user_025,res_004,3,0.71,deep_learning math nlp,基础,2026-06-08T09:00:00
user_025,res_057,3,0.81,deep_learning math nlp,基础,2026-06-10T04:00:00
user_025,res_023,4,0.77,deep_learning math nlp,基础,2026-06-15T15:00:00
user_025,res_058,3,0.54,deep_learning math nlp,基础,2026-06-28T03:00:00
user_026,res_064,3,0.94,linux python web_backend,实战,2026-03-05T09:00:00
user_026,res_017,3,0.9,linux python web_backend,实战,2026-03-07T20:00:00
user_026,res_053,3,0.67,linux python web_backend,实战,2026-03-11T10:00:00
user_026,res_031,2,0.49,linux python web_backend,实战,2026-03-18T02:00:00
user_026,res_051,2,0.75,linux python web_backend,实战,2026-04-04T02:00:00
user_026,res_025,2,0.56,linux python web_backend,实战,2026-04-13T20:00:00
user_026,res_047,4,0.95,linux python web_backend,实战,2026-04-14T14:00:00
user_026,res_043,4,1.0,linux python web_backend,实战,2026-04-15T19:00:00
user_026,res_048,4,0.7,linux python web_backend,实战,2026-04-17T13:00:00
user_026,res_063,3,0.66,linux python web_backend,实战,2026-04-20T17:00:00
user_026,res_056,2,0.75,linux python web_backend,实战,2026-04-29T22:00:00
user_026,res_005,4,0.68,linux python web_backend,实战,2026-05-17T05:00:00
user_026,res_016,3,0.66,linux python web_backend,实战,2026-05-17T22:00:00
user_026,res_024,2,0.43,linux python web_backend,实战,2026-05-22T06:00:00
user_026,res_023,2,0.49,linux python web_backend,实战,2026-05-28T15:00:00
user_026,res_003,4,0.98,linux python web_backend,实战,2026-06-03T10:00:00
user_026,res_041,4,0.99,linux python web_backend,实战,2026-06-22T01:00:00
user_026,res_002,4,0.97,linux python web_backend,实战,2026-06-23T12:00:00
user_027,res_055,3,0.59,deep_learning linux math,基础,2026-03-10T14:00:00
user_027,res_039,2,0.72,deep_learning linux math,基础,2026-03-12T21:00:00
user_027,res_044,4,0.76,deep_learning linux math,基础,2026-03-15T00:00:00
user_027,res_052,5,0.96,deep_learning linux math,基础,2026-03-17T02:00:00
user_027,res_033,3,0.54,deep_learning linux math,基础,2026-03-20T21:00:00
user_027,res_024,3,0.81,deep_learning linux math,基础,2026-04-16T12:00:00
user_027,res_011,3,0.74,deep_learning linux math,基础,2026-04-19T17:00:00
user_027,res_048,4,0.88,deep_learning linux math,基础,2026-04-20T10:00:00
user_027,res_064,2,0.57,deep_learning linux math,基础,2026-04-26T02:00:00
user_027,res_010,2,0.67,deep_learning linux math,基础,2026-05-28T15:00:00
user_027,res_002,2,0.74,deep_learning linux math,基础,2026-05-30T14:00:00
user_028,res_046,4,1.0,career deep_learning linux,实战,2026-03-10T04:00:00
user_028,res_041,4,0.73,career deep_learning linux,实战,2026-03-17T13:00:00
user_028,res_051,2,0.54,career deep_learning linux,实战,2026-03-21T10:00:00
user_028,res_038,2,0.51,career deep_learning linux,实战,2026-03-26T04:00:00
user_028,res_055,2,0.45,career deep_learning linux,实战,2026-04-09T12:00:00
user_028,res_058,3,0.74,career deep_learning linux,实战,2026-04-16T17:00:00
user_028,res_059,5,1.0,career deep_learning linux,实战,2026-04-27T14:00:00
user_028,res_011,3,0.84,career deep_learning linux,实战,2026-05-07T13:00:00
user_028,res_020,4,0.85,career deep_learning linux,实战,2026-05-10T04:00:00
user_028,res_012,2,0.78,career deep_learning linux,实战,2026-06-15T03:00:00
user_028,res_045,5,0.92,career deep_learning linux,实战,2026-06-21T17:00:00
user_029,res_041,2,0.81,deep_learning nlp web_backend,进阶,2026-03-06T00:00:00
user_029,res_040,4,0.95,deep_learning nlp web_backend,进阶,2026-03-21T14:00:00
user_029,res_062,2,0.69,deep_learning nlp web_backend,进阶,2026-04-08T15:00:00
user_029,res_006,2,0.78,deep_learning nlp web_backend,进阶,2026-04-10T23:00:00
user_029,res_035,4,0.85,deep_learning nlp web_backend,进阶,2026-04-13T19:00:00
user_029,res_020,3,0.88,deep_learning nlp web_backend,进阶,2026-04-21T09:00:00
user_029,res_018,3,0.62,deep_learning nlp web_backend,进阶,2026-05-13T13:00:00
user_029,res_013,2,0.69,deep_learning nlp web_backend,进阶,2026-06-01T19:00:00
user_029,res_036,3,0.94,deep_learning nlp web_backend,进阶,2026-06-07T18:00:00
user_029,res_009,3,0.54,deep_learning nlp web_backend,进阶,2026-06-22T20:00:00
user_029,res_033,4,0.72,deep_learning nlp web_backend,进阶,2026-06-29T18:00:00
user_030,res_018,3,0.65,linux machine_learning nlp,进阶,2026-03-02T03:00:00
user_030,res_027,4,0.67,linux machine_learning nlp,进阶,2026-03-18T22:00:00
user_030,res_014,4,0.96,linux machine_learning nlp,进阶,2026-03-25T05:00:00
user_030,res_011,4,0.87,linux machine_learning nlp,进阶,2026-04-11T19:00:00
user_030,res_019,2,0.83,linux machine_learning nlp,进阶,2026-04-20T11:00:00
user_030,res_016,4,0.69,linux machine_learning nlp,进阶,2026-04-20T16:00:00
user_030,res_062,3,0.69,linux machine_learning nlp,进阶,2026-04-21T01:00:00
user_030,res_057,2,0.61,linux machine_learning nlp,进阶,2026-04-28T04:00:00
user_030,res_021,2,0.63,linux machine_learning nlp,进阶,2026-05-03T09:00:00
user_030,res_040,3,0.62,linux machine_learning nlp,进阶,2026-05-05T12:00:00
user_030,res_010,4,0.73,linux machine_learning nlp,进阶,2026-05-10T09:00:00
user_030,res_030,4,0.75,linux machine_learning nlp,进阶,2026-05-14T11:00:00
user_030,res_008,2,0.53,linux machine_learning nlp,进阶,2026-05-16T20:00:00
user_030,res_063,2,0.58,linux machine_learning nlp,进阶,2026-05-18T23:00:00
user_030,res_004,2,0.84,linux machine_learning nlp,进阶,2026-05-27T19:00:00
user_030,res_029,4,1.0,linux machine_learning nlp,进阶,2026-06-02T11:00:00
user_030,res_007,2,0.63,linux machine_learning nlp,进阶,2026-06-06T17:00:00
user_030,res_025,4,0.8,linux machine_learning nlp,进阶,2026-06-29T11:00:00
user_031,res_031,3,0.58,career deep_learning web_backend,实战,2026-03-03T14:00:00
user_031,res_020,3,0.82,career deep_learning web_backend,实战,2026-03-05T18:00:00
user_031,res_024,4,0.97,career deep_learning web_backend,实战,2026-03-08T22:00:00
user_031,res_044,3,0.69,career deep_learning web_backend,实战,2026-03-23T14:00:00
user_031,res_038,3,0.74,career deep_learning web_backend,实战,2026-04-01T08:00:00
user_031,res_061,4,0.75,career deep_learning web_backend,实战,2026-04-08T09:00:00
user_031,res_022,3,0.62,career deep_learning web_backend,实战,2026-04-11T21:00:00
user_031,res_008,3,0.68,career deep_learning web_backend,实战,2026-04-15T21:00:00
user_031,res_047,3,0.83,career deep_learning web_backend,实战,2026-05-02T10:00:00
user_031,res_046,2,0.72,career deep_learning web_backend,实战,2026-05-14T15:00:00
user_031,res_037,4,0.92,career deep_learning web_backend,实战,2026-05-19T12:00:00
user_031,res_027,3,0.84,career deep_learning web_backend,实战,2026-05-22T22:00:00
user_031,res_063,4,0.76,career deep_learning web_backend,实战,2026-05-23T18:00:00
user_031,res_041,2,0.46,career deep_learning web_backend,实战,2026-05-26T17:00:00
user_031,res_053,3,0.6,career deep_learning web_backend,实战,2026-05-28T06:00:00
user_031,res_058,4,1.0,career deep_learning web_backend,实战,2026-06-13T11:00:00
user_031,res_002,2,0.74,career deep_learning web_backend,实战,2026-06-26T15:00:00
user_031,res_045,3,0.77,career deep_learning web_backend,实战,2026-06-28T23:00:00
user_032,res_017,4,0.94,career deep_learning python,进阶,2026-03-18T00:00:00
user_032,res_048,3,0.95,career deep_learning python,进阶,2026-03-21T13:00:00
user_032,res_029,2,0.8,career deep_learning python,进阶,2026-03-29T20:00:00
user_032,res_060,3,0.85,career deep_learning python,进阶,2026-03-31T07:00:00
user_032,res_045,2,0.65,career deep_learning python,进阶,2026-04-04T04:00:00
user_032,res_014,3,0.86,career deep_learning python,进阶,2026-04-06T10:00:00
user_032,res_042,2,0.45,career deep_learning python,进阶,2026-04-12T22:00:00
user_032,res_031,3,0.91,career deep_learning python,进阶,2026-04-30T15:00:00
user_032,res_053,3,0.63,career deep_learning python,进阶,2026-06-03T23:00:00
user_032,res_013,2,0.44,career deep_learning python,进阶,2026-06-07T02:00:00
user_032,res_035,3,0.55,career deep_learning python,进阶,2026-06-26T05:00:00
user_033,res_059,4,0.74,career machine_learning math,基础,2026-03-18T15:00:00
user_033,res_056,4,0.98,career machine_learning math,基础,2026-03-23T19:00:00
user_033,res_012,5,0.97,career machine_learning math,基础,2026-03-25T03:00:00
user_033,res_039,2,0.46,career machine_learning math,基础,2026-04-09T05:00:00
user_033,res_003,2,0.47,career machine_learning math,基础,2026-04-11T07:00:00
user_033,res_048,3,0.54,career machine_learning math,基础,2026-04-13T09:00:00
user_033,res_001,2,0.57,career machine_learning math,基础,2026-04-27T08:00:00
user_033,res_064,4,0.88,career machine_learning math,基础,2026-05-03T04:00:00
user_033,res_030,2,0.73,career machine_learning math,基础,2026-05-17T11:00:00
user_033,res_022,3,0.83,career machine_learning math,基础,2026-05-21T09:00:00
user_033,res_060,4,0.96,career machine_learning math,基础,2026-05-22T08:00:00
user_033,res_057,4,0.69,career machine_learning math,基础,2026-05-25T03:00:00
user_033,res_037,2,0.69,career machine_learning math,基础,2026-05-28T07:00:00
user_033,res_020,3,0.66,career machine_learning math,基础,2026-06-01T18:00:00
user_033,res_019,3,0.92,career machine_learning math,基础,2026-06-14T13:00:00
user_033,res_007,2,0.63,career machine_learning math,基础,2026-06-23T22:00:00
user_034,res_051,4,0.9,linux math web_backend,进阶,2026-03-06T13:00:00
user_034,res_006,2,0.44,linux math web_backend,进阶,2026-03-08T02:00:00
user_034,res_005,2,0.78,linux math web_backend,进阶,2026-03-16T05:00:00
user_034,res_037,4,0.82,linux math web_backend,进阶,2026-03-17T23:00:00
user_034,res_028,3,0.92,linux math web_backend,进阶,2026-03-26T18:00:00
user_034,res_034,4,0.85,linux math web_backend,进阶,2026-04-06T13:00:00
user_034,res_046,4,1.0,linux math web_backend,进阶,2026-04-18T12:00:00
user_034,res_044,4,1.0,linux math web_backend,进阶,2026-04-27T01:00:00
user_034,res_063,2,0.63,linux math web_backend,进阶,2026-04-28T18:00:00
user_034,res_029,2,0.47,linux math web_backend,进阶,2026-05-22T23:00:00
user_034,res_016,2,0.7,linux math web_backend,进阶,2026-05-31T18:00:00
user_034,res_004,3,0.73,linux math web_backend,进阶,2026-06-01T17:00:00
user_034,res_008,3,0.89,linux math web_backend,进阶,2026-06-05T00:00:00
user_034,res_039,3,0.73,linux math web_backend,进阶,2026-06-12T09:00:00
user_034,res_056,4,0.82,linux math web_backend,进阶,2026-06-13T00:00:00
user_034,res_049,4,0.72,linux math web_backend,进阶,2026-06-18T16:00:00
user_034,res_024,2,0.82,linux math web_backend,进阶,2026-06-20T17:00:00
user_034,res_055,5,0.95,linux math web_backend,进阶,2026-06-23T12:00:00
user_035,res_057,2,0.84,math nlp web_backend,基础,2026-03-30T23:00:00
user_035,res_027,4,0.99,math nlp web_backend,基础,2026-04-10T22:00:00
user_035,res_008,3,0.75,math nlp web_backend,基础,2026-04-22T09:00:00
user_035,res_052,5,1.0,math nlp web_backend,基础,2026-04-24T17:00:00
user_035,res_018,2,0.43,math nlp web_backend,基础,2026-04-26T07:00:00
user_035,res_003,2,0.65,math nlp web_backend,基础,2026-05-15T23:00:00
user_035,res_023,2,0.44,math nlp web_backend,基础,2026-05-16T01:00:00
user_035,res_047,2,0.66,math nlp web_backend,基础,2026-06-07T21:00:00
user_035,res_013,3,0.85,math nlp web_backend,基础,2026-06-08T01:00:00
user_035,res_010,2,0.7,math nlp web_backend,基础,2026-06-20T01:00:00
user_035,res_049,4,0.75,math nlp web_backend,基础,2026-06-21T04:00:00
user_035,res_059,2,0.81,math nlp web_backend,基础,2026-06-22T00:00:00
user_035,res_043,2,0.83,math nlp web_backend,基础,2026-06-29T20:00:00
user_036,res_035,3,0.89,machine_learning math nlp,进阶,2026-03-12T17:00:00
user_036,res_024,3,0.77,machine_learning math nlp,进阶,2026-03-18T12:00:00
user_036,res_027,4,0.75,machine_learning math nlp,进阶,2026-03-19T00:00:00
user_036,res_020,2,0.8,machine_learning math nlp,进阶,2026-03-28T06:00:00
user_036,res_031,4,0.73,machine_learning math nlp,进阶,2026-04-04T12:00:00
user_036,res_010,4,0.75,machine_learning math nlp,进阶,2026-04-11T09:00:00
user_036,res_052,4,0.88,machine_learning math nlp,进阶,2026-04-15T09:00:00
user_036,res_036,3,0.69,machine_learning math nlp,进阶,2026-04-22T01:00:00
user_036,res_004,2,0.83,machine_learning math nlp,进阶,2026-04-30T10:00:00
user_036,res_030,3,0.75,machine_learning math nlp,进阶,2026-05-03T14:00:00
user_036,res_049,3,0.62,machine_learning math nlp,进阶,2026-05-22T02:00:00
user_036,res_046,3,0.83,machine_learning math nlp,进阶,2026-05-30T06:00:00
user_036,res_055,4,0.98,machine_learning math nlp,进阶,2026-06-01T21:00:00
user_036,res_059,3,0.58,machine_learning math nlp,进阶,2026-06-05T15:00:00
user_036,res_016,4,0.91,machine_learning math nlp,进阶,2026-06-20T02:00:00
user_036,res_015,4,0.86,machine_learning math nlp,进阶,2026-06-20T10:00:00
user_037,res_037,4,0.95,career math web_backend,实战,2026-03-02T06:00:00
user_037,res_015,2,0.77,career math web_backend,实战,2026-03-10T21:00:00
user_037,res_025,2,0.41,career math web_backend,实战,2026-03-18T20:00:00
user_037,res_061,3,0.57,career math web_backend,实战,2026-03-20T07:00:00
user_037,res_036,4,0.88,career math web_backend,实战,2026-04-05T17:00:00
user_037,res_049,4,0.82,career math web_backend,实战,2026-04-17T12:00:00
user_037,res_016,3,0.8,career math web_backend,实战,2026-05-01T21:00:00
user_037,res_013,2,0.72,career math web_backend,实战,2026-05-02T05:00:00
user_037,res_032,3,0.53,career math web_backend,实战,2026-05-10T13:00:00
user_037,res_054,4,0.81,career math web_backend,实战,2026-05-19T20:00:00
user_037,res_022,3,0.76,career math web_backend,实战,2026-05-22T01:00:00
user_037,res_038,4,1.0,career math web_backend,实战,2026-05-22T23:00:00
user_037,res_010,2,0.48,career math web_backend,实战,2026-06-10T11:00:00
user_037,res_017,2,0.64,career math web_backend,实战,2026-06-13T11:00:00
user_037,res_042,3,0.54,career math web_backend,实战,2026-06-13T22:00:00
user_037,res_044,3,0.88,career math web_backend,实战,2026-06-25T05:00:00
user_038,res_061,4,0.89,career machine_learning web_backend,实战,2026-03-05T05:00:00
user_038,res_026,3,0.85,career machine_learning web_backend,实战,2026-03-18T22:00:00
user_038,res_059,5,0.91,career machine_learning web_backend,实战,2026-03-27T18:00:00
user_038,res_055,3,0.93,career machine_learning web_backend,实战,2026-03-30T06:00:00
user_038,res_025,3,0.75,career machine_learning web_backend,实战,2026-04-14T01:00:00
user_038,res_003,3,0.66,career machine_learning web_backend,实战,2026-05-12T07:00:00
user_038,res_006,3,0.83,career machine_learning web_backend,实战,2026-05-12T15:00:00
user_038,res_039,4,0.85,career machine_learning web_backend,实战,2026-05-21T00:00:00
user_038,res_060,4,1.0,career machine_learning web_backend,实战,2026-05-26T17:00:00
user_038,res_042,2,0.81,career machine_learning web_backend,实战,2026-05-27T08:00:00
user_038,res_049,2,0.76,career machine_learning web_backend,实战,2026-06-14T12:00:00
user_038,res_044,3,0.57,career machine_learning web_backend,实战,2026-06-17T13:00:00
user_038,res_053,3,0.67,career machine_learning web_backend,实战,2026-06-18T03:00:00
user_039,res_064,4,0.69,career machine_learning nlp,基础,2026-03-12T11:00:00
user_039,res_041,2,0.74,career machine_learning nlp,基础,2026-03-14T04:00:00
user_039,res_063,4,0.78,career machine_learning nlp,基础,2026-04-01T22:00:00
user_039,res_028,4,0.68,career machine_learning nlp,基础,2026-04-02T07:00:00
user_039,res_051,2,0.66,career machine_learning nlp,基础,2026-04-18T02:00:00
user_039,res_023,3,0.6,career machine_learning nlp,基础,2026-04-18T05:00:00
user_039,res_050,2,0.53,career machine_learning nlp,基础,2026-04-18T22:00:00
user_039,res_021,3,0.6,career machine_learning nlp,基础,2026-04-19T10:00:00
user_039,res_032,4,0.66,career machine_learning nlp,基础,2026-04-22T12:00:00
user_039,res_025,3,0.72,career machine_learning nlp,基础,2026-04-23T09:00:00
user_039,res_036,2,0.54,career machine_learning nlp,基础,2026-05-03T04:00:00
user_039,res_015,5,1.0,career machine_learning nlp,基础,2026-05-11T07:00:00
user_039,res_018,2,0.6,career machine_learning nlp,基础,2026-05-11T17:00:00
user_039,res_029,4,0.91,career machine_learning nlp,基础,2026-06-09T10:00:00
user_039,res_002,3,0.57,career machine_learning nlp,基础,2026-06-29T09:00:00
user_040,res_026,2,0.81,career math web_backend,基础,2026-03-26T18:00:00
user_040,res_001,3,0.67,career math web_backend,基础,2026-04-05T12:00:00
user_040,res_052,5,0.83,career math web_backend,基础,2026-04-08T07:00:00
user_040,res_028,2,0.43,career math web_backend,基础,2026-04-16T22:00:00
user_040,res_009,2,0.49,career math web_backend,基础,2026-04-20T10:00:00
user_040,res_059,3,0.6,career math web_backend,基础,2026-04-24T12:00:00
user_040,res_029,2,0.84,career math web_backend,基础,2026-05-01T18:00:00
user_040,res_020,3,0.83,career math web_backend,基础,2026-05-02T18:00:00
user_040,res_063,3,0.79,career math web_backend,基础,2026-05-12T20:00:00
user_040,res_042,3,0.76,career math web_backend,基础,2026-05-21T02:00:00
user_040,res_039,4,0.76,career math web_backend,基础,2026-05-25T11:00:00
user_040,res_014,3,0.79,career math web_backend,基础,2026-05-28T06:00:00
user_040,res_022,3,0.61,career math web_backend,基础,2026-06-07T17:00:00
user_040,res_025,2,0.77,career math web_backend,基础,2026-06-10T13:00:00
user_040,res_040,4,0.99,career math web_backend,基础,2026-06-15T22:00:00
user_040,res_058,4,0.87,career math web_backend,基础,2026-06-26T22:00:00
user_040,res_054,3,0.84,career math web_backend,基础,2026-06-29T22:00:00
user_041,res_015,2,0.81,career deep_learning math,进阶,2026-03-19T11:00:00
user_041,res_045,2,0.49,career deep_learning math,进阶,2026-03-21T10:00:00
user_041,res_038,3,0.82,career deep_learning math,进阶,2026-03-22T23:00:00
user_041,res_033,3,0.73,career deep_learning math,进阶,2026-03-27T16:00:00
user_041,res_037,2,0.82,career deep_learning math,进阶,2026-03-30T12:00:00
user_041,res_034,3,0.67,career deep_learning math,进阶,2026-04-08T01:00:00
user_041,res_007,2,0.63,career deep_learning math,进阶,2026-04-14T00:00:00
user_041,res_048,2,0.61,career deep_learning math,进阶,2026-04-26T23:00:00
user_041,res_002,2,0.57,career deep_learning math,进阶,2026-04-29T21:00:00
user_041,res_036,3,0.58,career deep_learning math,进阶,2026-06-17T10:00:00
user_041,res_017,4,0.78,career deep_learning math,进阶,2026-06-26T02:00:00
user_042,res_038,2,0.47,deep_learning linux machine_learning,实战,2026-03-16T07:00:00
user_042,res_025,3,0.71,deep_learning linux machine_learning,实战,2026-03-18T18:00:00
user_042,res_046,4,0.93,deep_learning linux machine_learning,实战,2026-03-23T17:00:00
user_042,res_014,3,0.65,deep_learning linux machine_learning,实战,2026-03-24T10:00:00
user_042,res_018,5,0.98,deep_learning linux machine_learning,实战,2026-03-25T12:00:00
user_042,res_057,2,0.66,deep_learning linux machine_learning,实战,2026-04-14T11:00:00
user_042,res_002,3,0.76,deep_learning linux machine_learning,实战,2026-04-16T10:00:00
user_042,res_049,3,0.75,deep_learning linux machine_learning,实战,2026-05-03T13:00:00
user_042,res_051,3,0.87,deep_learning linux machine_learning,实战,2026-05-13T03:00:00
user_042,res_040,2,0.68,deep_learning linux machine_learning,实战,2026-05-16T12:00:00
user_042,res_029,3,0.66,deep_learning linux machine_learning,实战,2026-05-18T18:00:00
user_042,res_001,3,0.61,deep_learning linux machine_learning,实战,2026-05-21T17:00:00
user_042,res_048,4,0.7,deep_learning linux machine_learning,实战,2026-05-25T15:00:00
user_042,res_028,3,0.61,deep_learning linux machine_learning,实战,2026-05-28T04:00:00
user_042,res_013,4,0.92,deep_learning linux machine_learning,实战,2026-06-13T21:00:00
user_042,res_052,3,0.8,deep_learning linux machine_learning,实战,2026-06-19T11:00:00
user_043,res_018,2,0.48,career linux nlp,进阶,2026-03-18T06:00:00
user_043,res_035,2,0.67,career linux nlp,进阶,2026-03-22T10:00:00
user_043,res_002,3,0.72,career linux nlp,进阶,2026-03-28T13:00:00
user_043,res_062,3,0.9,career linux nlp,进阶,2026-04-01T04:00:00
user_043,res_015,2,0.76,career linux nlp,进阶,2026-04-26T03:00:00
user_043,res_049,2,0.84,career linux nlp,进阶,2026-04-27T08:00:00
user_043,res_022,3,0.86,career linux nlp,进阶,2026-05-10T16:00:00
user_043,res_058,4,1.0,career linux nlp,进阶,2026-05-12T11:00:00
user_043,res_057,4,0.78,career linux nlp,进阶,2026-05-13T08:00:00
user_043,res_003,2,0.56,career linux nlp,进阶,2026-05-30T19:00:00
user_043,res_051,2,0.77,career linux nlp,进阶,2026-06-05T07:00:00
user_043,res_050,3,0.59,career linux nlp,进阶,2026-06-05T13:00:00
user_043,res_006,2,0.46,career linux nlp,进阶,2026-06-08T17:00:00
user_043,res_019,3,0.63,career linux nlp,进阶,2026-06-12T23:00:00
user_043,res_037,3,0.69,career linux nlp,进阶,2026-06-14T01:00:00
user_043,res_030,4,1.0,career linux nlp,进阶,2026-06-19T20:00:00
user_043,res_011,3,0.75,career linux nlp,进阶,2026-06-24T21:00:00
user_044,res_005,2,0.77,linux machine_learning math,实战,2026-03-03T03:00:00
user_044,res_029,3,0.86,linux machine_learning math,实战,2026-03-06T03:00:00
user_044,res_026,3,0.81,linux machine_learning math,实战,2026-03-07T12:00:00
user_044,res_006,2,0.56,linux machine_learning math,实战,2026-03-11T11:00:00
user_044,res_037,3,0.89,linux machine_learning math,实战,2026-03-12T23:00:00
user_044,res_018,3,0.87,linux machine_learning math,实战,2026-04-20T06:00:00
user_044,res_059,3,0.6,linux machine_learning math,实战,2026-04-28T00:00:00
user_044,res_061,3,0.88,linux machine_learning math,实战,2026-05-03T08:00:00
user_044,res_027,2,0.53,linux machine_learning math,实战,2026-05-10T18:00:00
user_044,res_010,4,0.86,linux machine_learning math,实战,2026-05-14T00:00:00
user_044,res_051,4,0.83,linux machine_learning math,实战,2026-05-28T04:00:00
user_044,res_041,5,1.0,linux machine_learning math,实战,2026-05-29T11:00:00
user_044,res_033,2,0.72,linux machine_learning math,实战,2026-06-05T07:00:00
user_044,res_025,2,0.78,linux machine_learning math,实战,2026-06-09T10:00:00
user_044,res_050,5,0.9,linux machine_learning math,实战,2026-06-20T08:00:00
user_044,res_063,3,0.83,linux machine_learning math,实战,2026-06-21T11:00:00
user_045,res_009,2,0.7,linux math python,实战,2026-03-09T16:00:00
user_045,res_031,2,0.76,linux math python,实战,2026-03-14T10:00:00
user_045,res_001,4,0.8,linux math python,实战,2026-03-16T13:00:00
user_045,res_038,2,0.67,linux math python,实战,2026-03-22T14:00:00
user_045,res_014,3,0.74,linux math python,实战,2026-03-30T12:00:00
user_045,res_005,4,0.78,linux math python,实战,2026-04-18T04:00:00
user_045,res_029,2,0.58,linux math python,实战,2026-04-24T10:00:00
user_045,res_034,3,0.79,linux math python,实战,2026-04-26T06:00:00
user_045,res_064,3,0.64,linux math python,实战,2026-05-22T02:00:00
user_045,res_015,2,0.5,linux math python,实战,2026-06-04T04:00:00
user_045,res_044,4,0.69,linux math python,实战,2026-06-05T03:00:00
user_046,res_063,3,0.76,math nlp web_backend,实战,2026-03-02T11:00:00
user_046,res_020,3,0.86,math nlp web_backend,实战,2026-03-03T18:00:00
user_046,res_014,2,0.52,math nlp web_backend,实战,2026-03-06T01:00:00
user_046,res_013,2,0.45,math nlp web_backend,实战,2026-03-11T16:00:00
user_046,res_048,3,0.95,math nlp web_backend,实战,2026-03-20T17:00:00
user_046,res_057,2,0.64,math nlp web_backend,实战,2026-03-23T15:00:00
user_046,res_034,4,0.82,math nlp web_backend,实战,2026-04-06T20:00:00
user_046,res_039,4,0.98,math nlp web_backend,实战,2026-04-24T22:00:00
user_046,res_055,4,0.7,math nlp web_backend,实战,2026-05-03T20:00:00
user_046,res_033,4,0.93,math nlp web_backend,实战,2026-05-08T19:00:00
user_046,res_019,3,0.56,math nlp web_backend,实战,2026-05-29T13:00:00
user_046,res_026,4,0.9,math nlp web_backend,实战,2026-06-06T20:00:00
user_046,res_004,3,0.87,math nlp web_backend,实战,2026-06-10T07:00:00
user_046,res_043,3,0.59,math nlp web_backend,实战,2026-06-19T18:00:00
user_047,res_057,2,0.73,machine_learning nlp python,基础,2026-03-01T01:00:00
user_047,res_012,5,0.78,machine_learning nlp python,基础,2026-03-06T15:00:00
user_047,res_045,2,0.7,machine_learning nlp python,基础,2026-03-07T05:00:00
user_047,res_043,2,0.63,machine_learning nlp python,基础,2026-03-08T15:00:00
user_047,res_048,3,0.6,machine_learning nlp python,基础,2026-03-21T08:00:00
user_047,res_008,4,1.0,machine_learning nlp python,基础,2026-03-23T01:00:00
user_047,res_030,4,1.0,machine_learning nlp python,基础,2026-04-03T05:00:00
user_047,res_015,4,0.86,machine_learning nlp python,基础,2026-04-14T16:00:00
user_047,res_046,3,0.67,machine_learning nlp python,基础,2026-04-23T23:00:00
user_047,res_004,4,0.83,machine_learning nlp python,基础,2026-05-07T02:00:00
user_047,res_009,4,1.0,machine_learning nlp python,基础,2026-05-13T11:00:00
user_047,res_020,2,0.83,machine_learning nlp python,基础,2026-05-20T02:00:00
user_047,res_058,3,0.91,machine_learning nlp python,基础,2026-05-26T23:00:00
user_047,res_001,4,1.0,machine_learning nlp python,基础,2026-06-03T20:00:00
user_047,res_040,3,0.85,machine_learning nlp python,基础,2026-06-20T08:00:00
user_047,res_039,3,0.58,machine_learning nlp python,基础,2026-06-24T00:00:00
user_048,res_056,4,1.0,math nlp web_backend,基础,2026-03-04T07:00:00
user_048,res_055,4,0.96,math nlp web_backend,基础,2026-03-14T06:00:00
user_048,res_062,2,0.45,math nlp web_backend,基础,2026-03-18T20:00:00
user_048,res_024,2,0.82,math nlp web_backend,基础,2026-03-31T09:00:00
user_048,res_021,3,0.59,math nlp web_backend,基础,2026-04-05T02:00:00
user_048,res_060,3,0.85,math nlp web_backend,基础,2026-04-10T14:00:00
user_048,res_036,4,1.0,math nlp web_backend,基础,2026-04-28T23:00:00
user_048,res_020,3,0.63,math nlp web_backend,基础,2026-05-02T01:00:00
user_048,res_057,3,0.78,math nlp web_backend,基础,2026-05-03T06:00:00
user_048,res_001,3,0.56,math nlp web_backend,基础,2026-05-12T01:00:00
user_048,res_009,2,0.54,math nlp web_backend,基础,2026-05-19T07:00:00
user_048,res_050,4,0.65,math nlp web_backend,基础,2026-05-24T12:00:00
user_048,res_019,2,0.68,math nlp web_backend,基础,2026-05-28T00:00:00
user_048,res_030,5,1.0,math nlp web_backend,基础,2026-06-10T07:00:00
user_048,res_013,2,0.55,math nlp web_backend,基础,2026-06-11T12:00:00
user_048,res_006,2,0.51,math nlp web_backend,基础,2026-06-17T16:00:00
user_049,res_027,3,0.59,machine_learning python web_backend,基础,2026-03-02T01:00:00
user_049,res_008,4,1.0,machine_learning python web_backend,基础,2026-03-17T06:00:00
user_049,res_014,4,0.78,machine_learning python web_backend,基础,2026-04-03T03:00:00
user_049,res_029,3,0.82,machine_learning python web_backend,基础,2026-04-03T05:00:00
user_049,res_010,3,0.88,machine_learning python web_backend,基础,2026-04-08T22:00:00
user_049,res_011,3,0.84,machine_learning python web_backend,基础,2026-04-15T12:00:00
user_049,res_030,2,0.58,machine_learning python web_backend,基础,2026-04-27T17:00:00
user_049,res_021,3,0.64,machine_learning python web_backend,基础,2026-04-29T03:00:00
user_049,res_035,4,0.81,machine_learning python web_backend,基础,2026-05-20T20:00:00
user_049,res_007,4,0.67,machine_learning python web_backend,基础,2026-06-15T10:00:00
user_049,res_050,2,0.44,machine_learning python web_backend,基础,2026-06-24T20:00:00
user_049,res_023,2,0.66,machine_learning python web_backend,基础,2026-06-26T02:00:00
user_050,res_037,3,0.76,career machine_learning math,基础,2026-03-03T12:00:00
user_050,res_002,3,0.95,career machine_learning math,基础,2026-03-13T07:00:00
user_050,res_003,2,0.6,career machine_learning math,基础,2026-03-20T01:00:00
user_050,res_044,2,0.84,career machine_learning math,基础,2026-03-29T18:00:00
user_050,res_011,4,0.99,career machine_learning math,基础,2026-04-01T20:00:00
user_050,res_026,2,0.76,career machine_learning math,基础,2026-04-05T01:00:00
user_050,res_053,4,0.89,career machine_learning math,基础,2026-04-11T12:00:00
user_050,res_032,3,0.73,career machine_learning math,基础,2026-04-15T18:00:00
user_050,res_004,2,0.57,career machine_learning math,基础,2026-04-23T06:00:00
user_050,res_030,3,0.91,career machine_learning math,基础,2026-05-01T01:00:00
user_050,res_028,3,0.68,career machine_learning math,基础,2026-05-09T15:00:00
user_050,res_047,2,0.42,career machine_learning math,基础,2026-05-16T07:00:00
user_050,res_061,4,0.92,career machine_learning math,基础,2026-05-22T09:00:00
user_050,res_025,3,0.64,career machine_learning math,基础,2026-06-13T23:00:00
user_050,res_016,4,0.8,career machine_learning math,基础,2026-06-25T05:00:00
user_051,res_048,2,0.67,deep_learning machine_learning math,基础,2026-03-03T16:00:00
user_051,res_052,4,0.73,deep_learning machine_learning math,基础,2026-03-05T02:00:00
user_051,res_023,5,0.92,deep_learning machine_learning math,基础,2026-03-23T10:00:00
user_051,res_060,3,0.81,deep_learning machine_learning math,基础,2026-03-23T22:00:00
user_051,res_046,3,0.57,deep_learning machine_learning math,基础,2026-04-08T10:00:00
user_051,res_061,2,0.48,deep_learning machine_learning math,基础,2026-04-25T20:00:00
user_051,res_053,4,0.75,deep_learning machine_learning math,基础,2026-05-15T05:00:00
user_051,res_045,2,0.55,deep_learning machine_learning math,基础,2026-05-18T06:00:00
user_051,res_059,2,0.47,deep_learning machine_learning math,基础,2026-05-30T04:00:00
user_051,res_041,2,0.82,deep_learning machine_learning math,基础,2026-06-16T15:00:00
user_051,res_038,3,0.89,deep_learning machine_learning math,基础,2026-06-19T11:00:00
user_051,res_037,3,0.83,deep_learning machine_learning math,基础,2026-06-27T19:00:00
user_051,res_002,3,0.69,deep_learning machine_learning math,基础,2026-06-29T21:00:00
user_052,res_039,2,0.82,deep_learning linux math,实战,2026-03-10T10:00:00
user_052,res_012,2,0.81,deep_learning linux math,实战,2026-03-19T10:00:00
user_052,res_003,3,0.83,deep_learning linux math,实战,2026-03-21T14:00:00
user_052,res_017,5,1.0,deep_learning linux math,实战,2026-03-29T20:00:00
user_052,res_063,2,0.77,deep_learning linux math,实战,2026-04-07T00:00:00
user_052,res_047,4,0.75,deep_learning linux math,实战,2026-04-10T05:00:00
user_052,res_045,5,1.0,deep_learning linux math,实战,2026-04-12T14:00:00
user_052,res_050,5,0.98,deep_learning linux math,实战,2026-04-18T11:00:00
user_052,res_055,3,0.72,deep_learning linux math,实战,2026-04-23T05:00:00
user_052,res_059,3,0.57,deep_learning linux math,实战,2026-05-01T18:00:00
user_052,res_037,2,0.5,deep_learning linux math,实战,2026-05-28T02:00:00
user_052,res_026,3,0.87,deep_learning linux math,实战,2026-06-01T00:00:00
user_052,res_021,3,0.69,deep_learning linux math,实战,2026-06-02T02:00:00
user_052,res_001,3,0.94,deep_learning linux math,实战,2026-06-14T22:00:00
user_053,res_028,2,0.51,deep_learning machine_learning web_backend,实战,2026-03-07T12:00:00
user_053,res_039,3,0.8,deep_learning machine_learning web_backend,实战,2026-03-11T15:00:00
user_053,res_063,3,0.81,deep_learning machine_learning web_backend,实战,2026-03-12T20:00:00
user_053,res_011,4,0.86,deep_learning machine_learning web_backend,实战,2026-03-13T00:00:00
user_053,res_061,2,0.77,deep_learning machine_learning web_backend,实战,2026-03-20T01:00:00
user_053,res_064,2,0.6,deep_learning machine_learning web_backend,实战,2026-04-03T14:00:00
user_053,res_004,3,0.84,deep_learning machine_learning web_backend,实战,2026-04-03T21:00:00
user_053,res_007,3,0.63,deep_learning machine_learning web_backend,实战,2026-04-04T18:00:00
user_053,res_042,2,0.59,deep_learning machine_learning web_backend,实战,2026-04-07T21:00:00
user_053,res_057,3,0.66,deep_learning machine_learning web_backend,实战,2026-04-20T15:00:00
user_053,res_027,3,0.88,deep_learning machine_learning web_backend,实战,2026-04-23T17:00:00
user_053,res_014,3,0.68,deep_learning machine_learning web_backend,实战,2026-05-09T13:00:00
user_053,res_013,4,0.9,deep_learning machine_learning web_backend,实战,2026-05-10T01:00:00
user_053,res_045,3,0.93,deep_learning machine_learning web_backend,实战,2026-05-13T07:00:00
user_053,res_022,3,0.85,deep_learning machine_learning web_backend,实战,2026-05-25T03:00:00
user_053,res_060,3,0.61,deep_learning machine_learning web_backend,实战,2026-06-22T12:00:00
user_053,res_036,4,0.68,deep_learning machine_learning web_backend,实战,2026-06-24T22:00:00
user_054,res_016,2,0.7,math python web_backend,实战,2026-03-26T20:00:00
user_054,res_009,3,0.91,math python web_backend,实战,2026-04-03T12:00:00
user_054,res_029,2,0.55,math python web_backend,实战,2026-04-05T16:00:00
user_054,res_013,2,0.45,math python web_backend,实战,2026-04-06T17:00:00
user_054,res_061,2,0.67,math python web_backend,实战,2026-04-10T23:00:00
user_054,res_049,5,0.8,math python web_backend,实战,2026-04-19T17:00:00
user_054,res_011,2,0.63,math python web_backend,实战,2026-04-23T03:00:00
user_054,res_003,5,1.0,math python web_backend,实战,2026-04-30T01:00:00
user_054,res_014,2,0.47,math python web_backend,实战,2026-05-15T18:00:00
user_054,res_028,2,0.58,math python web_backend,实战,2026-05-19T19:00:00
user_054,res_012,2,0.79,math python web_backend,实战,2026-06-09T22:00:00
user_054,res_052,4,1.0,math python web_backend,实战,2026-06-27T03:00:00
user_055,res_048,2,0.78,math nlp python,进阶,2026-03-18T09:00:00
user_055,res_002,4,0.87,math nlp python,进阶,2026-03-18T16:00:00
user_055,res_024,3,0.75,math nlp python,进阶,2026-03-21T02:00:00
user_055,res_022,3,0.54,math nlp python,进阶,2026-03-25T06:00:00
user_055,res_051,4,0.95,math nlp python,进阶,2026-04-05T11:00:00
user_055,res_053,4,0.76,math nlp python,进阶,2026-04-28T01:00:00
user_055,res_055,5,0.87,math nlp python,进阶,2026-05-02T19:00:00
user_055,res_020,3,0.75,math nlp python,进阶,2026-05-21T03:00:00
user_055,res_059,2,0.59,math nlp python,进阶,2026-05-22T02:00:00
user_055,res_007,3,0.74,math nlp python,进阶,2026-05-29T21:00:00
user_055,res_031,4,0.84,math nlp python,进阶,2026-06-14T10:00:00
user_055,res_018,2,0.5,math nlp python,进阶,2026-06-14T13:00:00
user_055,res_058,3,0.86,math nlp python,进阶,2026-06-20T11:00:00
user_056,res_054,2,0.41,career machine_learning nlp,实战,2026-04-02T19:00:00
user_056,res_014,4,1.0,career machine_learning nlp,实战,2026-04-03T13:00:00
user_056,res_002,2,0.78,career machine_learning nlp,实战,2026-04-03T20:00:00
user_056,res_045,3,0.82,career machine_learning nlp,实战,2026-04-04T20:00:00
user_056,res_006,2,0.67,career machine_learning nlp,实战,2026-04-06T09:00:00
user_056,res_025,5,1.0,career machine_learning nlp,实战,2026-04-08T06:00:00
user_056,res_048,3,0.62,career machine_learning nlp,实战,2026-04-08T21:00:00
user_056,res_019,3,0.74,career machine_learning nlp,实战,2026-04-13T08:00:00
user_056,res_061,4,0.92,career machine_learning nlp,实战,2026-05-14T03:00:00
user_056,res_015,4,0.97,career machine_learning nlp,实战,2026-05-14T22:00:00
user_056,res_062,5,1.0,career machine_learning nlp,实战,2026-05-16T12:00:00
user_056,res_011,3,0.92,career machine_learning nlp,实战,2026-05-22T05:00:00
user_056,res_058,4,0.78,career machine_learning nlp,实战,2026-05-30T20:00:00
user_056,res_037,3,0.82,career machine_learning nlp,实战,2026-06-01T00:00:00
user_056,res_023,2,0.42,career machine_learning nlp,实战,2026-06-08T21:00:00
user_056,res_064,3,0.96,career machine_learning nlp,实战,2026-06-16T11:00:00
user_056,res_017,2,0.8,career machine_learning nlp,实战,2026-06-18T11:00:00
user_056,res_004,2,0.74,career machine_learning nlp,实战,2026-06-24T01:00:00
user_057,res_033,2,0.61,deep_learning linux nlp,实战,2026-03-16T15:00:00
user_057,res_054,2,0.78,deep_learning linux nlp,实战,2026-03-18T06:00:00
user_057,res_012,2,0.68,deep_learning linux nlp,实战,2026-03-23T10:00:00
user_057,res_036,2,0.78,deep_learning linux nlp,实战,2026-03-24T02:00:00
user_057,res_011,3,0.69,deep_learning linux nlp,实战,2026-04-08T13:00:00
user_057,res_023,4,1.0,deep_learning linux nlp,实战,2026-04-17T08:00:00
user_057,res_055,2,0.79,deep_learning linux nlp,实战,2026-05-04T03:00:00
user_057,res_020,3,0.8,deep_learning linux nlp,实战,2026-05-14T19:00:00
user_057,res_064,3,0.92,deep_learning linux nlp,实战,2026-05-23T02:00:00
user_057,res_061,2,0.61,deep_learning linux nlp,实战,2026-06-03T08:00:00
user_057,res_043,4,0.75,deep_learning linux nlp,实战,2026-06-20T09:00:00
user_057,res_062,3,0.95,deep_learning linux nlp,实战,2026-06-23T14:00:00
user_057,res_059,3,0.77,deep_learning linux nlp,实战,2026-06-25T05:00:00
user_058,res_028,3,0.63,career nlp python,进阶,2026-03-17T06:00:00
user_058,res_006,4,0.95,career nlp python,进阶,2026-03-18T10:00:00
user_058,res_041,3,0.78,career nlp python,进阶,2026-03-22T03:00:00
user_058,res_062,3,0.88,career nlp python,进阶,2026-04-08T09:00:00
user_058,res_032,3,0.83,career nlp python,进阶,2026-04-14T09:00:00
user_058,res_022,3,0.71,career nlp python,进阶,2026-05-01T12:00:00
user_058,res_050,2,0.63,career nlp python,进阶,2026-05-07T10:00:00
user_058,res_051,2,0.57,career nlp python,进阶,2026-05-15T09:00:00
user_058,res_011,2,0.7,career nlp python,进阶,2026-05-20T23:00:00
user_058,res_037,2,0.64,career nlp python,进阶,2026-06-02T11:00:00
user_058,res_009,3,0.74,career nlp python,进阶,2026-06-05T06:00:00
user_058,res_049,3,0.91,career nlp python,进阶,2026-06-05T16:00:00
user_058,res_040,2,0.8,career nlp python,进阶,2026-06-12T12:00:00
user_059,res_054,3,0.54,career linux math,基础,2026-03-12T03:00:00
user_059,res_035,2,0.59,career linux math,基础,2026-03-13T21:00:00
user_059,res_002,3,0.82,career linux math,基础,2026-03-20T02:00:00
user_059,res_033,2,0.46,career linux math,基础,2026-04-02T15:00:00
user_059,res_043,4,1.0,career linux math,基础,2026-04-15T22:00:00
user_059,res_027,3,0.9,career linux math,基础,2026-04-16T21:00:00
user_059,res_045,4,0.93,career linux math,基础,2026-04-28T09:00:00
user_059,res_042,4,0.95,career linux math,基础,2026-05-01T10:00:00
user_059,res_004,3,0.92,career linux math,基础,2026-05-05T23:00:00
user_059,res_007,2,0.48,career linux math,基础,2026-05-10T15:00:00
user_059,res_050,4,0.74,career linux math,基础,2026-05-27T20:00:00
user_059,res_040,3,0.8,career linux math,基础,2026-05-29T04:00:00
user_059,res_058,5,0.8,career linux math,基础,2026-06-01T03:00:00
user_059,res_060,4,0.91,career linux math,基础,2026-06-08T08:00:00
user_059,res_039,3,0.65,career linux math,基础,2026-06-09T03:00:00
user_059,res_008,2,0.43,career linux math,基础,2026-06-13T05:00:00
user_060,res_029,4,0.83,career linux nlp,基础,2026-03-06T02:00:00
user_060,res_009,3,0.87,career linux nlp,基础,2026-03-15T04:00:00
user_060,res_006,2,0.73,career linux nlp,基础,2026-04-17T10:00:00
user_060,res_011,3,0.61,career linux nlp,基础,2026-04-18T11:00:00
user_060,res_001,2,0.58,career linux nlp,基础,2026-04-28T08:00:00
user_060,res_055,3,0.83,career linux nlp,基础,2026-05-01T13:00:00
user_060,res_042,3,0.92,career linux nlp,基础,2026-05-01T18:00:00
user_060,res_040,2,0.55,career linux nlp,基础,2026-05-30T21:00:00
user_060,res_022,2,0.78,career linux nlp,基础,2026-06-21T23:00:00
user_060,res_023,3,0.59,career linux nlp,基础,2026-06-26T15:00:00
user_060,res_043,4,0.68,career linux nlp,基础,2026-06-29T05:00:00
user_061,res_040,2,0.6,deep_learning linux nlp,实战,2026-03-13T21:00:00
user_061,res_031,4,0.84,deep_learning linux nlp,实战,2026-03-16T15:00:00
user_061,res_055,3,0.55,deep_learning linux nlp,实战,2026-03-22T15:00:00
user_061,res_043,5,0.79,deep_learning linux nlp,实战,2026-03-29T17:00:00
user_061,res_047,4,0.82,deep_learning linux nlp,实战,2026-03-31T02:00:00
user_061,res_028,4,0.86,deep_learning linux nlp,实战,2026-03-31T10:00:00
user_061,res_010,3,0.89,deep_learning linux nlp,实战,2026-04-12T17:00:00
user_061,res_023,4,0.66,deep_learning linux nlp,实战,2026-04-21T13:00:00
user_061,res_016,3,0.87,deep_learning linux nlp,实战,2026-04-27T02:00:00
user_061,res_013,2,0.61,deep_learning linux nlp,实战,2026-05-03T05:00:00
user_061,res_001,3,0.66,deep_learning linux nlp,实战,2026-05-06T11:00:00
user_061,res_044,5,1.0,deep_learning linux nlp,实战,2026-05-21T09:00:00
user_061,res_042,4,0.89,deep_learning linux nlp,实战,2026-05-23T21:00:00
user_061,res_036,3,0.79,deep_learning linux nlp,实战,2026-05-31T21:00:00
user_061,res_011,2,0.72,deep_learning linux nlp,实战,2026-06-01T13:00:00
user_061,res_025,4,0.8,deep_learning linux nlp,实战,2026-06-14T01:00:00
user_061,res_062,2,0.65,deep_learning linux nlp,实战,2026-06-14T02:00:00
user_061,res_004,2,0.56,deep_learning linux nlp,实战,2026-06-15T20:00:00
user_062,res_055,3,0.94,deep_learning machine_learning web_backend,基础,2026-03-18T15:00:00
user_062,res_022,4,0.97,deep_learning machine_learning web_backend,基础,2026-04-08T22:00:00
user_062,res_013,5,0.89,deep_learning machine_learning web_backend,基础,2026-04-13T09:00:00
user_062,res_046,3,0.59,deep_learning machine_learning web_backend,基础,2026-04-22T19:00:00
user_062,res_060,2,0.74,deep_learning machine_learning web_backend,基础,2026-04-27T14:00:00
user_062,res_014,5,0.98,deep_learning machine_learning web_backend,基础,2026-05-05T05:00:00
user_062,res_026,2,0.73,deep_learning machine_learning web_backend,基础,2026-05-10T13:00:00
user_062,res_053,2,0.69,deep_learning machine_learning web_backend,基础,2026-05-17T10:00:00
user_062,res_051,3,0.7,deep_learning machine_learning web_backend,基础,2026-05-17T22:00:00
user_062,res_049,2,0.5,deep_learning machine_learning web_backend,基础,2026-05-19T22:00:00
user_062,res_007,2,0.54,deep_learning machine_learning web_backend,基础,2026-06-03T17:00:00
user_062,res_030,3,0.6,deep_learning machine_learning web_backend,基础,2026-06-13T04:00:00
user_062,res_016,4,1.0,deep_learning machine_learning web_backend,基础,2026-06-16T21:00:00
user_063,res_035,5,0.95,deep_learning linux web_backend,实战,2026-03-02T16:00:00
user_063,res_045,4,0.81,deep_learning linux web_backend,实战,2026-03-07T21:00:00
user_063,res_008,2,0.76,deep_learning linux web_backend,实战,2026-03-14T19:00:00
user_063,res_021,4,0.94,deep_learning linux web_backend,实战,2026-03-19T01:00:00
user_063,res_064,3,0.77,deep_learning linux web_backend,实战,2026-03-31T16:00:00
user_063,res_036,5,1.0,deep_learning linux web_backend,实战,2026-04-06T22:00:00
user_063,res_031,3,0.93,deep_learning linux web_backend,实战,2026-04-19T13:00:00
user_063,res_033,4,1.0,deep_learning linux web_backend,实战,2026-05-08T09:00:00
user_063,res_023,4,1.0,deep_learning linux web_backend,实战,2026-05-30T13:00:00
user_063,res_046,4,0.78,deep_learning linux web_backend,实战,2026-06-05T17:00:00
user_063,res_041,4,0.76,deep_learning linux web_backend,实战,2026-06-09T05:00:00
user_063,res_049,3,0.85,deep_learning linux web_backend,实战,2026-06-19T07:00:00
user_064,res_050,3,0.58,linux python web_backend,基础,2026-03-06T13:00:00
user_064,res_062,2,0.52,linux python web_backend,基础,2026-03-21T18:00:00
user_064,res_056,2,0.7,linux python web_backend,基础,2026-03-24T05:00:00
user_064,res_024,3,0.67,linux python web_backend,基础,2026-04-07T06:00:00
user_064,res_040,5,1.0,linux python web_backend,基础,2026-04-07T14:00:00
user_064,res_060,3,0.53,linux python web_backend,基础,2026-04-29T22:00:00
user_064,res_046,4,1.0,linux python web_backend,基础,2026-05-06T02:00:00
user_064,res_057,3,0.6,linux python web_backend,基础,2026-05-09T17:00:00
user_064,res_026,3,0.77,linux python web_backend,基础,2026-05-17T06:00:00
user_064,res_054,2,0.74,linux python web_backend,基础,2026-05-20T19:00:00
user_064,res_041,4,0.68,linux python web_backend,基础,2026-05-30T10:00:00
user_064,res_015,3,0.66,linux python web_backend,基础,2026-06-10T18:00:00
user_064,res_042,4,0.8,linux python web_backend,基础,2026-06-22T06:00:00
user_064,res_029,3,0.55,linux python web_backend,基础,2026-06-27T10:00:00
user_065,res_029,2,0.72,career linux web_backend,基础,2026-03-04T16:00:00
user_065,res_042,3,0.75,career linux web_backend,基础,2026-03-13T05:00:00
user_065,res_062,4,0.83,career linux web_backend,基础,2026-03-14T06:00:00
user_065,res_045,4,0.99,career linux web_backend,基础,2026-03-15T12:00:00
user_065,res_021,2,0.61,career linux web_backend,基础,2026-04-12T01:00:00
user_065,res_040,5,1.0,career linux web_backend,基础,2026-05-08T00:00:00
user_065,res_059,4,0.74,career linux web_backend,基础,2026-05-20T06:00:00
user_065,res_003,2,0.71,career linux web_backend,基础,2026-06-03T13:00:00
user_065,res_044,4,1.0,career linux web_backend,基础,2026-06-04T21:00:00
user_065,res_016,3,0.69,career linux web_backend,基础,2026-06-11T16:00:00
user_065,res_058,4,0.67,career linux web_backend,基础,2026-06-23T20:00:00
user_066,res_010,4,0.7,machine_learning math python,基础,2026-03-01T20:00:00
user_066,res_041,3,0.94,machine_learning math python,基础,2026-03-02T17:00:00
user_066,res_026,3,0.59,machine_learning math python,基础,2026-03-06T00:00:00
user_066,res_015,4,0.99,machine_learning math python,基础,2026-04-08T19:00:00
user_066,res_025,2,0.68,machine_learning math python,基础,2026-04-08T21:00:00
user_066,res_053,3,0.89,machine_learning math python,基础,2026-04-15T16:00:00
user_066,res_027,2,0.47,machine_learning math python,基础,2026-04-20T17:00:00
user_066,res_059,2,0.74,machine_learning math python,基础,2026-04-26T12:00:00
user_066,res_017,2,0.69,machine_learning math python,基础,2026-04-30T05:00:00
user_066,res_028,2,0.58,machine_learning math python,基础,2026-05-10T02:00:00
user_066,res_002,4,0.83,machine_learning math python,基础,2026-05-22T16:00:00
user_066,res_037,3,0.56,machine_learning math python,基础,2026-06-04T18:00:00
user_066,res_029,3,0.95,machine_learning math python,基础,2026-06-19T23:00:00
user_066,res_021,3,0.85,machine_learning math python,基础,2026-06-24T23:00:00
user_067,res_054,3,0.56,deep_learning machine_learning math,基础,2026-03-03T16:00:00
user_067,res_012,4,0.93,deep_learning machine_learning math,基础,2026-03-13T09:00:00
user_067,res_036,3,0.74,deep_learning machine_learning math,基础,2026-03-14T05:00:00
user_067,res_025,2,0.7,deep_learning machine_learning math,基础,2026-04-02T03:00:00
user_067,res_030,3,0.57,deep_learning machine_learning math,基础,2026-04-05T04:00:00
user_067,res_052,4,0.92,deep_learning machine_learning math,基础,2026-04-09T22:00:00
user_067,res_055,4,0.72,deep_learning machine_learning math,基础,2026-04-10T07:00:00
user_067,res_043,2,0.8,deep_learning machine_learning math,基础,2026-04-10T15:00:00
user_067,res_008,2,0.66,deep_learning machine_learning math,基础,2026-04-12T11:00:00
user_067,res_037,2,0.65,deep_learning machine_learning math,基础,2026-04-16T10:00:00
user_067,res_049,4,0.86,deep_learning machine_learning math,基础,2026-04-27T11:00:00
user_067,res_004,3,0.84,deep_learning machine_learning math,基础,2026-05-22T13:00:00
user_067,res_058,2,0.56,deep_learning machine_learning math,基础,2026-05-26T23:00:00
user_067,res_042,3,0.61,deep_learning machine_learning math,基础,2026-06-02T20:00:00
user_068,res_050,4,0.93,math python web_backend,实战,2026-03-14T22:00:00
user_068,res_036,5,1.0,math python web_backend,实战,2026-03-18T14:00:00
user_068,res_024,2,0.64,math python web_backend,实战,2026-03-23T12:00:00
user_068,res_063,2,0.52,math python web_backend,实战,2026-03-30T01:00:00
user_068,res_010,3,0.8,math python web_backend,实战,2026-04-05T23:00:00
user_068,res_028,3,0.66,math python web_backend,实战,2026-04-29T16:00:00
user_068,res_059,3,0.7,math python web_backend,实战,2026-05-04T00:00:00
user_068,res_017,2,0.65,math python web_backend,实战,2026-05-12T21:00:00
user_068,res_026,3,0.69,math python web_backend,实战,2026-05-23T02:00:00
user_068,res_035,5,0.83,math python web_backend,实战,2026-06-02T15:00:00
user_068,res_058,3,0.55,math python web_backend,实战,2026-06-06T15:00:00
user_068,res_031,3,0.75,math python web_backend,实战,2026-06-10T11:00:00
user_068,res_003,5,1.0,math python web_backend,实战,2026-06-12T19:00:00
user_068,res_038,4,0.8,math python web_backend,实战,2026-06-20T11:00:00
user_068,res_042,2,0.8,math python web_backend,实战,2026-06-21T01:00:00
user_068,res_015,2,0.57,math python web_backend,实战,2026-06-25T07:00:00
user_069,res_029,4,0.83,career math nlp,实战,2026-04-12T23:00:00
user_069,res_015,2,0.69,career math nlp,实战,2026-04-22T00:00:00
user_069,res_011,2,0.7,career math nlp,实战,2026-05-01T06:00:00
user_069,res_064,4,0.82,career math nlp,实战,2026-05-12T20:00:00
user_069,res_005,2,0.46,career math nlp,实战,2026-05-15T05:00:00
user_069,res_010,3,0.62,career math nlp,实战,2026-05-17T15:00:00
user_069,res_014,2,0.72,career math nlp,实战,2026-05-24T09:00:00
user_069,res_018,2,0.57,career math nlp,实战,2026-05-31T03:00:00
user_069,res_033,2,0.63,career math nlp,实战,2026-06-23T18:00:00
user_069,res_042,2,0.48,career math nlp,实战,2026-06-27T05:00:00
user_070,res_024,2,0.57,career machine_learning math,进阶,2026-03-17T03:00:00
user_070,res_044,3,0.75,career machine_learning math,进阶,2026-04-17T01:00:00
user_070,res_039,3,0.89,career machine_learning math,进阶,2026-05-13T03:00:00
user_070,res_030,3,0.69,career machine_learning math,进阶,2026-05-15T23:00:00
user_070,res_033,2,0.8,career machine_learning math,进阶,2026-05-16T01:00:00
user_070,res_043,3,0.89,career machine_learning math,进阶,2026-05-17T03:00:00
user_070,res_017,3,0.76,career machine_learning math,进阶,2026-06-05T03:00:00
user_070,res_038,3,0.64,career machine_learning math,进阶,2026-06-07T07:00:00
user_070,res_011,4,0.93,career machine_learning math,进阶,2026-06-24T19:00:00
user_070,res_040,2,0.63,career machine_learning math,进阶,2026-06-25T16:00:00
user_070,res_022,3,0.71,career machine_learning math,进阶,2026-06-29T15:00:00
user_070,res_047,3,0.53,career machine_learning math,进阶,2026-06-29T21:00:00
user_071,res_042,2,0.44,deep_learning machine_learning web_backend,实战,2026-03-05T23:00:00
user_071,res_025,3,0.72,deep_learning machine_learning web_backend,实战,2026-03-09T08:00:00
user_071,res_033,4,0.83,deep_learning machine_learning web_backend,实战,2026-03-14T04:00:00
user_071,res_058,2,0.45,deep_learning machine_learning web_backend,实战,2026-03-19T15:00:00
user_071,res_013,4,0.9,deep_learning machine_learning web_backend,实战,2026-04-03T17:00:00
user_071,res_001,3,0.69,deep_learning machine_learning web_backend,实战,2026-04-05T21:00:00
user_071,res_051,2,0.54,deep_learning machine_learning web_backend,实战,2026-04-14T22:00:00
user_071,res_056,3,0.55,deep_learning machine_learning web_backend,实战,2026-04-19T20:00:00
user_071,res_034,4,0.69,deep_learning machine_learning web_backend,实战,2026-05-05T12:00:00
user_071,res_046,2,0.5,deep_learning machine_learning web_backend,实战,2026-05-10T17:00:00
user_071,res_048,3,0.69,deep_learning machine_learning web_backend,实战,2026-05-11T15:00:00
user_071,res_045,3,0.84,deep_learning machine_learning web_backend,实战,2026-05-16T01:00:00
user_071,res_014,4,1.0,deep_learning machine_learning web_backend,实战,2026-05-18T20:00:00
user_071,res_008,3,0.87,deep_learning machine_learning web_backend,实战,2026-05-18T22:00:00
user_071,res_037,4,0.75,deep_learning machine_learning web_backend,实战,2026-06-09T22:00:00
user_071,res_062,3,0.59,deep_learning machine_learning web_backend,实战,2026-06-19T21:00:00
user_072,res_052,2,0.73,deep_learning linux nlp,进阶,2026-03-09T02:00:00
user_072,res_026,4,0.87,deep_learning linux nlp,进阶,2026-03-30T19:00:00
user_072,res_055,2,0.43,deep_learning linux nlp,进阶,2026-03-31T20:00:00
user_072,res_019,4,1.0,deep_learning linux nlp,进阶,2026-04-05T07:00:00
user_072,res_043,3,0.6,deep_learning linux nlp,进阶,2026-04-05T12:00:00
user_072,res_051,2,0.44,deep_learning linux nlp,进阶,2026-04-07T10:00:00
user_072,res_003,2,0.52,deep_learning linux nlp,进阶,2026-04-22T16:00:00
user_072,res_034,2,0.72,deep_learning linux nlp,进阶,2026-05-11T18:00:00
user_072,res_060,2,0.58,deep_learning linux nlp,进阶,2026-05-15T06:00:00
user_072,res_013,2,0.49,deep_learning linux nlp,进阶,2026-06-28T12:00:00
user_073,res_029,3,0.75,machine_learning math web_backend,进阶,2026-03-02T22:00:00
user_073,res_044,3,0.76,machine_learning math web_backend,进阶,2026-03-06T15:00:00
user_073,res_037,4,1.0,machine_learning math web_backend,进阶,2026-03-10T17:00:00
user_073,res_025,3,0.64,machine_learning math web_backend,进阶,2026-03-12T12:00:00
user_073,res_058,2,0.74,machine_learning math web_backend,进阶,2026-03-16T02:00:00
user_073,res_049,3,0.63,machine_learning math web_backend,进阶,2026-04-03T06:00:00
user_073,res_045,3,0.63,machine_learning math web_backend,进阶,2026-04-10T13:00:00
user_073,res_031,3,0.73,machine_learning math web_backend,进阶,2026-04-15T06:00:00
user_073,res_059,2,0.75,machine_learning math web_backend,进阶,2026-05-01T17:00:00
user_073,res_002,2,0.51,machine_learning math web_backend,进阶,2026-05-13T04:00:00
user_073,res_030,3,0.82,machine_learning math web_backend,进阶,2026-05-18T00:00:00
user_073,res_016,4,0.73,machine_learning math web_backend,进阶,2026-06-03T06:00:00
user_073,res_050,4,0.77,machine_learning math web_backend,进阶,2026-06-04T21:00:00
user_073,res_038,5,0.98,machine_learning math web_backend,进阶,2026-06-06T16:00:00
user_073,res_033,4,0.81,machine_learning math web_backend,进阶,2026-06-09T07:00:00
user_073,res_022,2,0.77,machine_learning math web_backend,进阶,2026-06-16T19:00:00
user_073,res_008,2,0.56,machine_learning math web_backend,进阶,2026-06-19T21:00:00
user_073,res_053,4,0.79,machine_learning math web_backend,进阶,2026-06-23T18:00:00
user_074,res_063,3,0.83,deep_learning nlp python,实战,2026-03-08T06:00:00
user_074,res_044,3,0.9,deep_learning nlp python,实战,2026-03-26T04:00:00
user_074,res_017,4,1.0,deep_learning nlp python,实战,2026-04-02T11:00:00
user_074,res_061,2,0.45,deep_learning nlp python,实战,2026-04-04T07:00:00
user_074,res_059,2,0.82,deep_learning nlp python,实战,2026-04-13T11:00:00
user_074,res_040,2,0.55,deep_learning nlp python,实战,2026-04-16T11:00:00
user_074,res_045,3,0.69,deep_learning nlp python,实战,2026-04-21T08:00:00
user_074,res_021,3,0.71,deep_learning nlp python,实战,2026-04-23T22:00:00
user_074,res_014,3,0.85,deep_learning nlp python,实战,2026-04-30T00:00:00
user_074,res_016,3,0.82,deep_learning nlp python,实战,2026-05-02T23:00:00
user_074,res_007,4,0.89,deep_learning nlp python,实战,2026-05-12T01:00:00
user_074,res_036,3,0.62,deep_learning nlp python,实战,2026-05-13T20:00:00
user_074,res_001,4,0.9,deep_learning nlp python,实战,2026-05-13T21:00:00
user_074,res_024,4,0.85,deep_learning nlp python,实战,2026-05-20T03:00:00
user_074,res_051,3,0.61,deep_learning nlp python,实战,2026-06-08T09:00:00
user_074,res_038,2,0.72,deep_learning nlp python,实战,2026-06-09T15:00:00
user_074,res_012,2,0.46,deep_learning nlp python,实战,2026-06-20T21:00:00
user_074,res_025,4,0.86,deep_learning nlp python,实战,2026-06-23T20:00:00
user_075,res_022,3,0.73,career nlp python,实战,2026-03-07T00:00:00
user_075,res_027,4,0.88,career nlp python,实战,2026-03-11T03:00:00
user_075,res_052,2,0.58,career nlp python,实战,2026-03-13T02:00:00
user_075,res_060,5,0.8,career nlp python,实战,2026-03-21T10:00:00
user_075,res_056,2,0.6,career nlp python,实战,2026-03-22T05:00:00
user_075,res_011,3,0.58,career nlp python,实战,2026-03-31T21:00:00
user_075,res_062,4,0.93,career nlp python,实战,2026-04-04T14:00:00
user_075,res_040,2,0.52,career nlp python,实战,2026-04-06T14:00:00
user_075,res_041,2,0.55,career nlp python,实战,2026-04-07T22:00:00
user_075,res_058,3,0.6,career nlp python,实战,2026-05-23T12:00:00
user_075,res_063,4,0.97,career nlp python,实战,2026-06-04T02:00:00
user_075,res_010,3,0.93,career nlp python,实战,2026-06-04T18:00:00
user_075,res_037,3,0.59,career nlp python,实战,2026-06-16T05:00:00
user_075,res_026,4,0.94,career nlp python,实战,2026-06-19T10:00:00
user_076,res_061,3,0.66,career nlp web_backend,进阶,2026-03-01T16:00:00
user_076,res_012,3,0.74,career nlp web_backend,进阶,2026-03-02T13:00:00
user_076,res_053,2,0.49,career nlp web_backend,进阶,2026-03-03T04:00:00
user_076,res_049,2,0.64,career nlp web_backend,进阶,2026-03-24T03:00:00
user_076,res_041,3,0.89,career nlp web_backend,进阶,2026-03-29T08:00:00
user_076,res_034,4,0.92,career nlp web_backend,进阶,2026-04-04T22:00:00
user_076,res_055,3,0.82,career nlp web_backend,进阶,2026-04-06T20:00:00
user_076,res_028,4,0.73,career nlp web_backend,进阶,2026-04-07T03:00:00
user_076,res_045,3,0.89,career nlp web_backend,进阶,2026-04-14T09:00:00
user_076,res_009,3,0.72,career nlp web_backend,进阶,2026-04-16T13:00:00
user_076,res_037,4,1.0,career nlp web_backend,进阶,2026-04-22T06:00:00
user_076,res_060,3,0.58,career nlp web_backend,进阶,2026-04-26T23:00:00
user_076,res_048,2,0.68,career nlp web_backend,进阶,2026-05-06T19:00:00
user_076,res_057,4,0.8,career nlp web_backend,进阶,2026-05-09T07:00:00
user_076,res_030,4,0.76,career nlp web_backend,进阶,2026-05-31T23:00:00
user_076,res_038,5,1.0,career nlp web_backend,进阶,2026-06-10T00:00:00
user_076,res_039,4,0.73,career nlp web_backend,进阶,2026-06-21T17:00:00
user_076,res_035,4,0.65,career nlp web_backend,进阶,2026-06-27T15:00:00
user_077,res_014,4,0.98,career machine_learning python,基础,2026-03-10T17:00:00
user_077,res_064,4,0.66,career machine_learning python,基础,2026-03-11T04:00:00
user_077,res_027,3,0.89,career machine_learning python,基础,2026-03-16T22:00:00
user_077,res_052,3,0.75,career machine_learning python,基础,2026-03-27T15:00:00
user_077,res_020,2,0.74,career machine_learning python,基础,2026-04-26T07:00:00
user_077,res_051,3,0.54,career machine_learning python,基础,2026-04-28T23:00:00
user_077,res_030,3,0.64,career machine_learning python,基础,2026-05-21T09:00:00
user_077,res_024,2,0.72,career machine_learning python,基础,2026-06-04T17:00:00
user_077,res_022,2,0.49,career machine_learning python,基础,2026-06-16T08:00:00
user_077,res_032,2,0.82,career machine_learning python,基础,2026-06-28T10:00:00
user_078,res_018,5,0.92,deep_learning nlp python,实战,2026-03-18T08:00:00
user_078,res_021,3,0.68,deep_learning nlp python,实战,2026-03-20T22:00:00
user_078,res_051,3,0.72,deep_learning nlp python,实战,2026-03-25T00:00:00
user_078,res_008,4,0.95,deep_learning nlp python,实战,2026-03-25T18:00:00
user_078,res_016,3,0.79,deep_learning nlp python,实战,2026-04-17T02:00:00
user_078,res_038,3,0.74,deep_learning nlp python,实战,2026-04-26T17:00:00
user_078,res_001,4,0.7,deep_learning nlp python,实战,2026-05-02T07:00:00
user_078,res_015,2,0.83,deep_learning nlp python,实战,2026-05-14T22:00:00
user_078,res_011,2,0.65,deep_learning nlp python,实战,2026-05-22T11:00:00
user_078,res_041,2,0.62,deep_learning nlp python,实战,2026-05-27T19:00:00
user_078,res_026,4,0.8,deep_learning nlp python,实战,2026-06-02T14:00:00
user_078,res_028,4,1.0,deep_learning nlp python,实战,2026-06-06T20:00:00
user_078,res_057,2,0.77,deep_learning nlp python,实战,2026-06-26T17:00:00
user_079,res_040,5,1.0,deep_learning python web_backend,基础,2026-03-10T06:00:00
user_079,res_025,2,0.79,deep_learning python web_backend,基础,2026-03-11T14:00:00
user_079,res_035,4,0.79,deep_learning python web_backend,基础,2026-03-13T16:00:00
user_079,res_030,2,0.42,deep_learning python web_backend,基础,2026-03-14T15:00:00
user_079,res_033,3,0.93,deep_learning python web_backend,基础,2026-03-27T20:00:00
user_079,res_017,4,0.72,deep_learning python web_backend,基础,2026-04-06T10:00:00
user_079,res_012,3,0.71,deep_learning python web_backend,基础,2026-04-17T22:00:00
user_079,res_002,4,0.92,deep_learning python web_backend,基础,2026-05-07T01:00:00
user_079,res_057,3,0.61,deep_learning python web_backend,基础,2026-05-07T21:00:00
user_079,res_047,3,0.56,deep_learning python web_backend,基础,2026-05-11T23:00:00
user_079,res_041,2,0.57,deep_learning python web_backend,基础,2026-05-17T22:00:00
user_079,res_001,3,0.54,deep_learning python web_backend,基础,2026-05-22T12:00:00
user_079,res_038,3,0.84,deep_learning python web_backend,基础,2026-05-24T17:00:00
user_079,res_053,3,0.61,deep_learning python web_backend,基础,2026-05-27T15:00:00
user_079,res_050,3,0.76,deep_learning python web_backend,基础,2026-05-29T18:00:00
user_079,res_060,3,0.57,deep_learning python web_backend,基础,2026-06-01T07:00:00
user_079,res_024,4,0.67,deep_learning python web_backend,基础,2026-06-29T04:00:00
user_080,res_011,2,0.76,linux nlp web_backend,基础,2026-03-12T18:00:00
user_080,res_036,4,0.99,linux nlp web_backend,基础,2026-03-23T15:00:00
user_080,res_030,4,1.0,linux nlp web_backend,基础,2026-03-28T10:00:00
user_080,res_050,3,0.67,linux nlp web_backend,基础,2026-03-31T18:00:00
user_080,res_023,2,0.42,linux nlp web_backend,基础,2026-04-06T19:00:00
user_080,res_028,3,0.55,linux nlp web_backend,基础,2026-04-15T04:00:00
user_080,res_037,3,0.94,linux nlp web_backend,基础,2026-04-27T12:00:00
user_080,res_048,4,1.0,linux nlp web_backend,基础,2026-05-10T10:00:00
user_080,res_041,4,0.81,linux nlp web_backend,基础,2026-05-10T23:00:00
user_080,res_026,4,0.95,linux nlp web_backend,基础,2026-05-13T03:00:00
user_080,res_043,4,0.87,linux nlp web_backend,基础,2026-05-13T18:00:00
user_080,res_062,2,0.57,linux nlp web_backend,基础,2026-05-14T07:00:00
user_080,res_054,2,0.48,linux nlp web_backend,基础,2026-05-16T14:00:00
user_080,res_007,3,0.71,linux nlp web_backend,基础,2026-05-21T13:00:00
user_080,res_045,3,0.88,linux nlp web_backend,基础,2026-05-28T08:00:00
user_080,res_012,3,0.92,linux nlp web_backend,基础,2026-06-02T02:00:00
user_080,res_033,4,0.78,linux nlp web_backend,基础,2026-06-02T18:00:00
user_080,res_044,3,0.59,linux nlp web_backend,基础,2026-06-22T09:00:00
user_081,res_056,4,0.78,career math python,进阶,2026-03-06T10:00:00
user_081,res_048,3,0.74,career math python,进阶,2026-03-26T15:00:00
user_081,res_039,3,0.76,career math python,进阶,2026-04-01T02:00:00
user_081,res_050,4,0.89,career math python,进阶,2026-04-03T02:00:00
user_081,res_052,3,0.66,career math python,进阶,2026-04-14T19:00:00
user_081,res_041,2,0.7,career math python,进阶,2026-04-24T11:00:00
user_081,res_061,3,0.67,career math python,进阶,2026-04-30T18:00:00
user_081,res_027,3,0.59,career math python,进阶,2026-05-04T22:00:00
user_081,res_042,3,0.78,career math python,进阶,2026-05-11T19:00:00
user_081,res_064,5,1.0,career math python,进阶,2026-05-13T16:00:00
user_081,res_058,4,0.79,career math python,进阶,2026-05-16T20:00:00
user_081,res_001,3,0.71,career math python,进阶,2026-05-27T18:00:00
user_081,res_015,2,0.6,career math python,进阶,2026-05-29T04:00:00
user_081,res_060,3,0.55,career math python,进阶,2026-06-02T12:00:00
user_081,res_008,3,0.72,career math python,进阶,2026-06-09T12:00:00
user_082,res_013,4,1.0,career machine_learning web_backend,进阶,2026-03-02T10:00:00
user_082,res_055,3,0.64,career machine_learning web_backend,进阶,2026-03-08T09:00:00
user_082,res_008,2,0.82,career machine_learning web_backend,进阶,2026-03-09T12:00:00
user_082,res_049,2,0.72,career machine_learning web_backend,进阶,2026-03-19T22:00:00
user_082,res_010,4,0.88,career machine_learning web_backend,进阶,2026-04-03T17:00:00
user_082,res_006,2,0.71,career machine_learning web_backend,进阶,2026-04-04T01:00:00
user_082,res_044,3,0.58,career machine_learning web_backend,进阶,2026-04-27T15:00:00
user_082,res_024,2,0.5,career machine_learning web_backend,进阶,2026-05-08T06:00:00
user_082,res_047,3,0.54,career machine_learning web_backend,进阶,2026-05-14T21:00:00
user_082,res_030,3,0.63,career machine_learning web_backend,进阶,2026-05-19T04:00:00
user_083,res_059,3,0.88,linux math web_backend,进阶,2026-03-04T17:00:00
user_083,res_056,4,0.66,linux math web_backend,进阶,2026-04-01T16:00:00
user_083,res_033,5,0.87,linux math web_backend,进阶,2026-04-13T12:00:00
user_083,res_042,4,0.94,linux math web_backend,进阶,2026-04-15T20:00:00
user_083,res_046,4,0.69,linux math web_backend,进阶,2026-04-18T16:00:00
user_083,res_019,2,0.5,linux math web_backend,进阶,2026-04-28T17:00:00
user_083,res_025,2,0.84,linux math web_backend,进阶,2026-05-04T08:00:00
user_083,res_003,3,0.74,linux math web_backend,进阶,2026-05-16T17:00:00
user_083,res_007,3,0.79,linux math web_backend,进阶,2026-05-20T21:00:00
user_083,res_057,2,0.62,linux math web_backend,进阶,2026-06-04T05:00:00
user_083,res_015,3,0.8,linux math web_backend,进阶,2026-06-21T12:00:00
user_084,res_056,2,0.51,career machine_learning nlp,实战,2026-03-04T11:00:00
user_084,res_022,2,0.77,career machine_learning nlp,实战,2026-03-19T23:00:00
user_084,res_059,5,1.0,career machine_learning nlp,实战,2026-03-21T10:00:00
user_084,res_055,2,0.7,career machine_learning nlp,实战,2026-03-26T04:00:00
user_084,res_029,3,0.67,career machine_learning nlp,实战,2026-04-22T13:00:00
user_084,res_063,4,0.95,career machine_learning nlp,实战,2026-05-07T04:00:00
user_084,res_042,2,0.67,career machine_learning nlp,实战,2026-05-18T07:00:00
user_084,res_039,2,0.64,career machine_learning nlp,实战,2026-06-01T03:00:00
user_084,res_014,3,0.61,career machine_learning nlp,实战,2026-06-06T19:00:00
user_084,res_020,2,0.8,career machine_learning nlp,实战,2026-06-07T04:00:00
user_084,res_009,4,0.77,career machine_learning nlp,实战,2026-06-08T06:00:00
user_084,res_035,3,0.85,career machine_learning nlp,实战,2026-06-14T20:00:00
user_085,res_027,4,0.96,linux machine_learning nlp,基础,2026-03-15T05:00:00
user_085,res_011,4,1.0,linux machine_learning nlp,基础,2026-03-25T09:00:00
user_085,res_042,4,0.86,linux machine_learning nlp,基础,2026-04-11T14:00:00
user_085,res_009,4,0.67,linux machine_learning nlp,基础,2026-04-19T16:00:00
user_085,res_001,2,0.59,linux machine_learning nlp,基础,2026-04-27T00:00:00
user_085,res_003,3,0.92,linux machine_learning nlp,基础,2026-04-29T20:00:00
user_085,res_031,5,0.88,linux machine_learning nlp,基础,2026-05-08T12:00:00
user_085,res_055,2,0.81,linux machine_learning nlp,基础,2026-05-13T19:00:00
user_085,res_015,4,0.83,linux machine_learning nlp,基础,2026-05-18T01:00:00
user_085,res_061,3,0.63,linux machine_learning nlp,基础,2026-05-25T06:00:00
user_085,res_049,3,0.93,linux machine_learning nlp,基础,2026-05-29T17:00:00
user_085,res_025,4,0.93,linux machine_learning nlp,基础,2026-05-30T01:00:00
user_085,res_018,2,0.66,linux machine_learning nlp,基础,2026-05-31T06:00:00
user_085,res_012,4,1.0,linux machine_learning nlp,基础,2026-06-01T10:00:00
user_085,res_024,3,0.71,linux machine_learning nlp,基础,2026-06-08T01:00:00
user_085,res_013,4,1.0,linux machine_learning nlp,基础,2026-06-08T09:00:00
user_085,res_032,4,0.84,linux machine_learning nlp,基础,2026-06-14T01:00:00
user_085,res_046,5,0.8,linux machine_learning nlp,基础,2026-06-27T14:00:00
user_086,res_025,2,0.67,career deep_learning python,进阶,2026-03-01T07:00:00
user_086,res_008,4,0.93,career deep_learning python,进阶,2026-03-20T05:00:00
user_086,res_016,3,0.75,career deep_learning python,进阶,2026-03-21T12:00:00
user_086,res_006,4,0.67,career deep_learning python,进阶,2026-03-22T10:00:00
user_086,res_061,3,0.81,career deep_learning python,进阶,2026-04-28T13:00:00
user_086,res_034,3,0.79,career deep_learning python,进阶,2026-05-03T07:00:00
user_086,res_063,3,0.74,career deep_learning python,进阶,2026-05-03T17:00:00
user_086,res_047,3,0.65,career deep_learning python,进阶,2026-05-20T17:00:00
user_086,res_046,3,0.61,career deep_learning python,进阶,2026-05-31T01:00:00
user_086,res_024,5,0.77,career deep_learning python,进阶,2026-06-06T08:00:00
user_086,res_029,2,0.54,career deep_learning python,进阶,2026-06-07T14:00:00
user_086,res_041,2,0.49,career deep_learning python,进阶,2026-06-24T04:00:00
user_087,res_043,2,0.57,machine_learning nlp python,基础,2026-03-09T13:00:00
user_087,res_045,2,0.45,machine_learning nlp python,基础,2026-03-14T13:00:00
user_087,res_039,3,0.62,machine_learning nlp python,基础,2026-03-27T19:00:00
user_087,res_003,4,0.72,machine_learning nlp python,基础,2026-04-06T19:00:00
user_087,res_063,3,0.57,machine_learning nlp python,基础,2026-04-08T10:00:00
user_087,res_054,2,0.78,machine_learning nlp python,基础,2026-04-12T16:00:00
user_087,res_037,3,0.56,machine_learning nlp python,基础,2026-04-30T04:00:00
user_087,res_010,4,0.95,machine_learning nlp python,基础,2026-05-13T17:00:00
user_087,res_055,2,0.61,machine_learning nlp python,基础,2026-05-14T11:00:00
user_087,res_020,2,0.66,machine_learning nlp python,基础,2026-05-20T16:00:00
user_088,res_040,2,0.74,linux machine_learning nlp,实战,2026-03-15T21:00:00
user_088,res_009,4,1.0,linux machine_learning nlp,实战,2026-03-25T10:00:00
user_088,res_039,3,0.63,linux machine_learning nlp,实战,2026-04-07T06:00:00
user_088,res_037,2,0.44,linux machine_learning nlp,实战,2026-04-08T16:00:00
user_088,res_058,3,0.81,linux machine_learning nlp,实战,2026-05-01T04:00:00
user_088,res_057,3,0.93,linux machine_learning nlp,实战,2026-05-01T15:00:00
user_088,res_032,4,1.0,linux machine_learning nlp,实战,2026-05-08T10:00:00
user_088,res_017,3,0.67,linux machine_learning nlp,实战,2026-05-11T20:00:00
user_088,res_023,2,0.58,linux machine_learning nlp,实战,2026-05-12T19:00:00
user_088,res_021,3,0.62,linux machine_learning nlp,实战,2026-05-18T13:00:00
user_088,res_064,2,0.42,linux machine_learning nlp,实战,2026-05-20T03:00:00
user_088,res_034,2,0.69,linux machine_learning nlp,实战,2026-05-28T09:00:00
user_088,res_055,3,0.74,linux machine_learning nlp,实战,2026-06-12T05:00:00
user_088,res_059,3,0.88,linux machine_learning nlp,实战,2026-06-27T23:00:00
user_089,res_037,4,0.79,math python web_backend,进阶,2026-03-05T08:00:00
user_089,res_060,3,0.79,math python web_backend,进阶,2026-03-12T10:00:00
user_089,res_022,3,0.94,math python web_backend,进阶,2026-03-28T16:00:00
user_089,res_044,2,0.62,math python web_backend,进阶,2026-03-31T11:00:00
user_089,res_002,4,0.7,math python web_backend,进阶,2026-04-09T01:00:00
user_089,res_018,2,0.43,math python web_backend,进阶,2026-04-19T22:00:00
user_089,res_057,3,0.92,math python web_backend,进阶,2026-04-26T16:00:00
user_089,res_051,3,0.74,math python web_backend,进阶,2026-05-04T04:00:00
user_089,res_025,2,0.43,math python web_backend,进阶,2026-05-06T21:00:00
user_089,res_003,4,1.0,math python web_backend,进阶,2026-05-13T19:00:00
user_089,res_010,3,0.93,math python web_backend,进阶,2026-05-26T04:00:00
user_089,res_023,2,0.81,math python web_backend,进阶,2026-06-02T16:00:00
user_089,res_005,4,0.79,math python web_backend,进阶,2026-06-07T03:00:00
user_089,res_052,4,0.7,math python web_backend,进阶,2026-06-09T01:00:00
user_089,res_014,2,0.67,math python web_backend,进阶,2026-06-19T09:00:00
user_090,res_035,3,0.92,career python web_backend,进阶,2026-03-07T03:00:00
user_090,res_018,3,0.76,career python web_backend,进阶,2026-03-07T04:00:00
user_090,res_029,3,0.8,career python web_backend,进阶,2026-04-09T10:00:00
user_090,res_019,2,0.48,career python web_backend,进阶,2026-04-09T19:00:00
user_090,res_013,2,0.5,career python web_backend,进阶,2026-04-14T17:00:00
user_090,res_021,2,0.45,career python web_backend,进阶,2026-04-20T05:00:00
user_090,res_042,2,0.46,career python web_backend,进阶,2026-05-19T17:00:00
user_090,res_050,3,0.91,career python web_backend,进阶,2026-05-20T22:00:00
user_090,res_043,3,0.84,career python web_backend,进阶,2026-05-25T17:00:00
user_090,res_010,3,0.73,career python web_backend,进阶,2026-05-27T20:00:00
user_090,res_063,4,0.71,career python web_backend,进阶,2026-05-30T09:00:00
user_090,res_008,3,0.93,career python web_backend,进阶,2026-06-06T14:00:00
user_090,res_060,4,0.69,career python web_backend,进阶,2026-06-11T22:00:00
user_091,res_024,2,0.46,career machine_learning nlp,基础,2026-03-14T12:00:00
user_091,res_026,4,0.99,career machine_learning nlp,基础,2026-04-11T17:00:00
user_091,res_032,3,0.79,career machine_learning nlp,基础,2026-04-11T17:00:00
user_091,res_034,2,0.61,career machine_learning nlp,基础,2026-04-14T15:00:00
user_091,res_043,2,0.83,career machine_learning nlp,基础,2026-04-19T02:00:00
user_091,res_012,5,1.0,career machine_learning nlp,基础,2026-05-08T14:00:00
user_091,res_030,4,1.0,career machine_learning nlp,基础,2026-05-13T15:00:00
user_091,res_022,2,0.76,career machine_learning nlp,基础,2026-05-15T13:00:00
user_091,res_045,2,0.59,career machine_learning nlp,基础,2026-05-19T07:00:00
user_091,res_021,3,0.63,career machine_learning nlp,基础,2026-05-24T21:00:00
user_091,res_059,4,0.72,career machine_learning nlp,基础,2026-06-07T11:00:00
user_091,res_051,3,0.72,career machine_learning nlp,基础,2026-06-09T10:00:00
user_092,res_005,3,0.8,machine_learning math nlp,基础,2026-03-01T04:00:00
user_092,res_021,2,0.53,machine_learning math nlp,基础,2026-03-04T07:00:00
user_092,res_062,3,0.68,machine_learning math nlp,基础,2026-03-12T18:00:00
user_092,res_043,2,0.48,machine_learning math nlp,基础,2026-03-18T06:00:00
user_092,res_052,4,0.74,machine_learning math nlp,基础,2026-03-18T18:00:00
user_092,res_007,2,0.6,machine_learning math nlp,基础,2026-03-27T21:00:00
user_092,res_039,3,0.72,machine_learning math nlp,基础,2026-04-07T12:00:00
user_092,res_050,3,0.95,machine_learning math nlp,基础,2026-04-21T04:00:00
user_092,res_042,3,0.7,machine_learning math nlp,基础,2026-04-25T17:00:00
user_092,res_053,4,1.0,machine_learning math nlp,基础,2026-04-25T22:00:00
user_092,res_025,4,0.65,machine_learning math nlp,基础,2026-05-11T11:00:00
user_092,res_032,4,0.9,machine_learning math nlp,基础,2026-05-20T10:00:00
user_092,res_044,3,0.66,machine_learning math nlp,基础,2026-06-10T21:00:00
user_092,res_059,3,0.56,machine_learning math nlp,基础,2026-06-24T17:00:00
user_093,res_042,3,0.54,career deep_learning math,进阶,2026-03-05T18:00:00
user_093,res_037,3,0.95,career deep_learning math,进阶,2026-03-18T02:00:00
user_093,res_061,4,0.82,career deep_learning math,进阶,2026-03-29T05:00:00
user_093,res_005,2,0.63,career deep_learning math,进阶,2026-04-22T17:00:00
user_093,res_009,3,0.73,career deep_learning math,进阶,2026-04-24T17:00:00
user_093,res_001,2,0.41,career deep_learning math,进阶,2026-05-03T23:00:00
user_093,res_002,2,0.57,career deep_learning math,进阶,2026-05-14T15:00:00
user_093,res_010,3,0.56,career deep_learning math,进阶,2026-06-02T23:00:00
user_093,res_047,3,0.9,career deep_learning math,进阶,2026-06-05T08:00:00
user_093,res_056,3,0.88,career deep_learning math,进阶,2026-06-19T14:00:00
user_093,res_032,2,0.44,career deep_learning math,进阶,2026-06-22T19:00:00
user_093,res_043,3,0.83,career deep_learning math,进阶,2026-06-28T13:00:00
user_094,res_050,2,0.62,career machine_learning nlp,实战,2026-03-17T16:00:00
user_094,res_031,4,0.77,career machine_learning nlp,实战,2026-04-02T00:00:00
user_094,res_001,2,0.75,career machine_learning nlp,实战,2026-04-02T04:00:00
user_094,res_058,4,0.99,career machine_learning nlp,实战,2026-04-03T01:00:00
user_094,res_064,4,1.0,career machine_learning nlp,实战,2026-04-07T09:00:00
user_094,res_040,3,0.78,career machine_learning nlp,实战,2026-04-12T13:00:00
user_094,res_033,3,0.81,career machine_learning nlp,实战,2026-04-17T05:00:00
user_094,res_022,2,0.66,career machine_learning nlp,实战,2026-05-13T01:00:00
user_094,res_004,2,0.71,career machine_learning nlp,实战,2026-05-16T23:00:00
user_094,res_035,3,0.66,career machine_learning nlp,实战,2026-06-03T19:00:00
user_094,res_030,4,0.91,career machine_learning nlp,实战,2026-06-25T18:00:00
user_095,res_034,4,1.0,linux math web_backend,基础,2026-03-07T05:00:00
user_095,res_052,4,1.0,linux math web_backend,基础,2026-03-07T20:00:00
user_095,res_025,2,0.45,linux math web_backend,基础,2026-03-14T21:00:00
user_095,res_024,3,0.84,linux math web_backend,基础,2026-03-22T06:00:00
user_095,res_027,2,0.7,linux math web_backend,基础,2026-03-24T10:00:00
user_095,res_003,3,0.93,linux math web_backend,基础,2026-03-30T12:00:00
user_095,res_022,3,0.7,linux math web_backend,基础,2026-04-03T04:00:00
user_095,res_057,3,0.67,linux math web_backend,基础,2026-04-04T03:00:00
user_095,res_016,2,0.5,linux math web_backend,基础,2026-04-06T08:00:00
user_095,res_006,3,0.72,linux math web_backend,基础,2026-04-06T14:00:00
user_095,res_032,2,0.66,linux math web_backend,基础,2026-04-29T21:00:00
user_095,res_056,4,0.85,linux math web_backend,基础,2026-04-30T23:00:00
user_095,res_010,2,0.55,linux math web_backend,基础,2026-05-07T21:00:00
user_095,res_039,5,0.81,linux math web_backend,基础,2026-05-08T20:00:00
user_095,res_049,4,0.97,linux math web_backend,基础,2026-05-15T06:00:00
user_095,res_053,4,1.0,linux math web_backend,基础,2026-05-18T20:00:00
user_095,res_050,4,0.94,linux math web_backend,基础,2026-06-15T02:00:00
user_096,res_062,3,0.67,math nlp python,实战,2026-03-08T08:00:00
user_096,res_039,3,0.61,math nlp python,实战,2026-03-15T22:00:00
user_096,res_046,2,0.62,math nlp python,实战,2026-03-19T17:00:00
user_096,res_014,2,0.75,math nlp python,实战,2026-04-05T01:00:00
user_096,res_058,2,0.81,math nlp python,实战,2026-04-05T13:00:00
user_096,res_041,3,0.64,math nlp python,实战,2026-04-26T02:00:00
user_096,res_008,5,0.81,math nlp python,实战,2026-05-17T04:00:00
user_096,res_064,2,0.81,math nlp python,实战,2026-05-18T12:00:00
user_096,res_061,2,0.74,math nlp python,实战,2026-05-22T18:00:00
user_096,res_043,2,0.54,math nlp python,实战,2026-05-24T02:00:00
user_096,res_054,4,0.94,math nlp python,实战,2026-06-07T10:00:00
user_097,res_057,2,0.8,machine_learning math web_backend,实战,2026-03-20T20:00:00
user_097,res_062,3,0.86,machine_learning math web_backend,实战,2026-04-07T20:00:00
user_097,res_047,2,0.64,machine_learning math web_backend,实战,2026-04-13T02:00:00
user_097,res_059,2,0.64,machine_learning math web_backend,实战,2026-04-15T10:00:00
user_097,res_050,4,0.89,machine_learning math web_backend,实战,2026-04-19T21:00:00
user_097,res_037,5,0.94,machine_learning math web_backend,实战,2026-05-20T20:00:00
user_097,res_046,2,0.81,machine_learning math web_backend,实战,2026-05-25T12:00:00
user_097,res_005,2,0.41,machine_learning math web_backend,实战,2026-05-28T15:00:00
user_097,res_003,3,0.7,machine_learning math web_backend,实战,2026-06-02T02:00:00
user_097,res_017,2,0.71,machine_learning math web_backend,实战,2026-06-24T12:00:00
user_097,res_007,3,0.75,machine_learning math web_backend,实战,2026-06-29T15:00:00
user_098,res_009,3,0.74,deep_learning linux nlp,进阶,2026-03-03T15:00:00
user_098,res_013,3,0.63,deep_learning linux nlp,进阶,2026-03-10T01:00:00
user_098,res_046,3,0.96,deep_learning linux nlp,进阶,2026-03-31T15:00:00
user_098,res_003,3,0.8,deep_learning linux nlp,进阶,2026-04-01T22:00:00
user_098,res_057,3,0.54,deep_learning linux nlp,进阶,2026-04-13T01:00:00
user_098,res_041,4,0.96,deep_learning linux nlp,进阶,2026-04-21T03:00:00
user_098,res_029,3,0.81,deep_learning linux nlp,进阶,2026-05-06T14:00:00
user_098,res_048,4,1.0,deep_learning linux nlp,进阶,2026-05-08T04:00:00
user_098,res_061,3,0.54,deep_learning linux nlp,进阶,2026-05-20T01:00:00
user_098,res_032,4,0.99,deep_learning linux nlp,进阶,2026-05-22T09:00:00
user_098,res_006,2,0.82,deep_learning linux nlp,进阶,2026-06-12T14:00:00
user_099,res_052,4,0.98,math python web_backend,进阶,2026-03-03T15:00:00
user_099,res_039,4,0.67,math python web_backend,进阶,2026-03-13T20:00:00
user_099,res_057,2,0.47,math python web_backend,进阶,2026-04-04T16:00:00
user_099,res_015,3,0.79,math python web_backend,进阶,2026-04-06T13:00:00
user_099,res_007,4,0.91,math python web_backend,进阶,2026-04-12T02:00:00
user_099,res_008,3,0.59,math python web_backend,进阶,2026-04-23T05:00:00
user_099,res_032,3,0.77,math python web_backend,进阶,2026-04-26T07:00:00
user_099,res_005,4,0.99,math python web_backend,进阶,2026-04-30T22:00:00
user_099,res_053,4,0.79,math python web_backend,进阶,2026-05-27T18:00:00
user_099,res_063,2,0.55,math python web_backend,进阶,2026-06-10T06:00:00
user_099,res_009,2,0.56,math python web_backend,进阶,2026-06-15T23:00:00
user_099,res_040,3,0.53,math python web_backend,进阶,2026-06-27T02:00:00
user_100,res_053,2,0.81,career machine_learning nlp,基础,2026-03-07T20:00:00
user_100,res_006,2,0.46,career machine_learning nlp,基础,2026-03-20T21:00:00
user_100,res_024,2,0.65,career machine_learning nlp,基础,2026-03-25T03:00:00
user_100,res_040,3,0.8,career machine_learning nlp,基础,2026-03-27T08:00:00
user_100,res_051,3,0.62,career machine_learning nlp,基础,2026-04-02T10:00:00
user_100,res_020,3,0.91,career machine_learning nlp,基础,2026-04-28T01:00:00
user_100,res_041,3,0.92,career machine_learning nlp,基础,2026-05-03T05:00:00
user_100,res_032,4,1.0,career machine_learning nlp,基础,2026-05-04T07:00:00
user_100,res_023,2,0.43,career machine_learning nlp,基础,2026-05-08T05:00:00
user_100,res_046,3,0.95,career machine_learning nlp,基础,2026-05-19T11:00:00
user_101,res_029,3,0.62,deep_learning math python,进阶,2026-03-17T01:00:00
user_101,res_038,3,0.56,deep_learning math python,进阶,2026-03-18T03:00:00
user_101,res_058,2,0.79,deep_learning math python,进阶,2026-03-19T06:00:00
user_101,res_021,3,0.66,deep_learning math python,进阶,2026-03-21T20:00:00
user_101,res_062,3,0.73,deep_learning math python,进阶,2026-03-22T10:00:00
user_101,res_056,4,0.76,deep_learning math python,进阶,2026-04-11T13:00:00
user_101,res_016,3,0.73,deep_learning math python,进阶,2026-04-19T11:00:00
user_101,res_008,4,1.0,deep_learning math python,进阶,2026-04-23T01:00:00
user_101,res_005,4,0.74,deep_learning math python,进阶,2026-04-30T18:00:00
user_101,res_050,3,0.76,deep_learning math python,进阶,2026-05-01T22:00:00
user_101,res_027,3,0.92,deep_learning math python,进阶,2026-05-13T17:00:00
user_101,res_064,3,0.91,deep_learning math python,进阶,2026-05-15T04:00:00
user_101,res_048,2,0.84,deep_learning math python,进阶,2026-05-15T15:00:00
user_101,res_047,2,0.72,deep_learning math python,进阶,2026-05-20T11:00:00
user_101,res_044,3,0.65,deep_learning math python,进阶,2026-06-02T13:00:00
user_101,res_051,3,0.73,deep_learning math python,进阶,2026-06-07T16:00:00
user_101,res_013,3,0.57,deep_learning math python,进阶,2026-06-18T16:00:00
user_101,res_015,2,0.73,deep_learning math python,进阶,2026-06-20T06:00:00
user_102,res_047,3,0.73,machine_learning math nlp,基础,2026-03-18T22:00:00
user_102,res_002,2,0.7,machine_learning math nlp,基础,2026-03-21T22:00:00
user_102,res_023,2,0.59,machine_learning math nlp,基础,2026-04-04T22:00:00
user_102,res_009,3,0.91,machine_learning math nlp,基础,2026-04-12T16:00:00
user_102,res_027,4,0.99,machine_learning math nlp,基础,2026-04-17T20:00:00
user_102,res_006,3,0.55,machine_learning math nlp,基础,2026-04-19T11:00:00
user_102,res_045,2,0.66,machine_learning math nlp,基础,2026-05-14T00:00:00
user_102,res_019,3,0.76,machine_learning math nlp,基础,2026-06-10T06:00:00
user_102,res_014,4,0.92,machine_learning math nlp,基础,2026-06-19T20:00:00
user_102,res_016,4,0.68,machine_learning math nlp,基础,2026-06-21T10:00:00
user_102,res_042,3,0.55,machine_learning math nlp,基础,2026-06-25T21:00:00
user_103,res_063,3,0.61,career python web_backend,进阶,2026-03-03T07:00:00
user_103,res_050,3,0.93,career python web_backend,进阶,2026-03-09T06:00:00
user_103,res_009,3,0.65,career python web_backend,进阶,2026-03-10T03:00:00
user_103,res_014,3,0.73,career python web_backend,进阶,2026-03-11T12:00:00
user_103,res_005,4,0.88,career python web_backend,进阶,2026-03-16T15:00:00
user_103,res_022,2,0.46,career python web_backend,进阶,2026-03-19T15:00:00
user_103,res_042,2,0.73,career python web_backend,进阶,2026-03-29T10:00:00
user_103,res_046,2,0.44,career python web_backend,进阶,2026-04-14T14:00:00
user_103,res_062,4,0.94,career python web_backend,进阶,2026-05-08T09:00:00
user_103,res_035,4,1.0,career python web_backend,进阶,2026-05-09T04:00:00
user_103,res_023,2,0.81,career python web_backend,进阶,2026-05-14T22:00:00
user_103,res_016,2,0.5,career python web_backend,进阶,2026-05-20T00:00:00
user_103,res_061,4,0.81,career python web_backend,进阶,2026-05-26T22:00:00
user_103,res_036,4,0.76,career python web_backend,进阶,2026-05-27T13:00:00
user_103,res_008,4,0.83,career python web_backend,进阶,2026-06-03T20:00:00
user_104,res_034,4,0.94,linux nlp web_backend,进阶,2026-03-20T05:00:00
user_104,res_030,3,0.72,linux nlp web_backend,进阶,2026-03-21T17:00:00
user_104,res_045,4,0.77,linux nlp web_backend,进阶,2026-03-23T22:00:00
user_104,res_036,3,0.64,linux nlp web_backend,进阶,2026-03-24T06:00:00
user_104,res_029,4,0.66,linux nlp web_backend,进阶,2026-04-10T11:00:00
user_104,res_054,2,0.43,linux nlp web_backend,进阶,2026-04-10T18:00:00
user_104,res_038,5,0.79,linux nlp web_backend,进阶,2026-04-15T09:00:00
user_104,res_063,3,0.63,linux nlp web_backend,进阶,2026-04-17T09:00:00
user_104,res_020,2,0.81,linux nlp web_backend,进阶,2026-04-21T15:00:00
user_104,res_051,2,0.71,linux nlp web_backend,进阶,2026-04-30T09:00:00
user_104,res_009,2,0.83,linux nlp web_backend,进阶,2026-05-09T16:00:00
user_104,res_055,3,0.85,linux nlp web_backend,进阶,2026-05-13T21:00:00
user_104,res_011,2,0.65,linux nlp web_backend,进阶,2026-06-25T14:00:00
user_104,res_043,4,0.72,linux nlp web_backend,进阶,2026-06-27T05:00:00
user_104,res_037,4,1.0,linux nlp web_backend,进阶,2026-06-27T10:00:00
user_105,res_026,3,0.91,career linux python,实战,2026-03-12T06:00:00
user_105,res_006,4,0.9,career linux python,实战,2026-03-29T08:00:00
user_105,res_021,2,0.68,career linux python,实战,2026-04-04T13:00:00
user_105,res_039,2,0.77,career linux python,实战,2026-04-07T17:00:00
user_105,res_029,2,0.47,career linux python,实战,2026-04-08T15:00:00
user_105,res_023,3,0.76,career linux python,实战,2026-04-12T02:00:00
user_105,res_002,4,0.77,career linux python,实战,2026-04-14T09:00:00
user_105,res_008,5,1.0,career linux python,实战,2026-04-16T12:00:00
user_105,res_020,2,0.78,career linux python,实战,2026-04-17T12:00:00
user_105,res_064,4,0.9,career linux python,实战,2026-04-18T02:00:00
user_105,res_040,3,0.72,career linux python,实战,2026-04-23T14:00:00
user_105,res_044,5,1.0,career linux python,实战,2026-05-05T12:00:00
user_105,res_004,3,0.73,career linux python,实战,2026-05-12T04:00:00
user_105,res_036,2,0.55,career linux python,实战,2026-05-17T16:00:00
user_105,res_015,3,0.71,career linux python,实战,2026-06-15T18:00:00
user_105,res_009,2,0.45,career linux python,实战,2026-06-17T14:00:00
user_105,res_054,2,0.76,career linux python,实战,2026-06-23T13:00:00
user_106,res_041,3,0.86,career deep_learning python,实战,2026-03-24T03:00:00
user_106,res_051,3,0.54,career deep_learning python,实战,2026-04-03T05:00:00
user_106,res_010,2,0.48,career deep_learning python,实战,2026-04-04T11:00:00
user_106,res_064,3,0.82,career deep_learning python,实战,2026-04-06T13:00:00
user_106,res_031,3,0.82,career deep_learning python,实战,2026-04-08T08:00:00
user_106,res_053,3,0.6,career deep_learning python,实战,2026-04-11T10:00:00
user_106,res_017,4,1.0,career deep_learning python,实战,2026-04-15T01:00:00
user_106,res_002,4,1.0,career deep_learning python,实战,2026-04-17T16:00:00
user_106,res_001,4,0.71,career deep_learning python,实战,2026-04-29T22:00:00
user_106,res_030,2,0.57,career deep_learning python,实战,2026-05-01T18:00:00
user_106,res_048,2,0.74,career deep_learning python,实战,2026-05-03T02:00:00
user_106,res_036,2,0.8,career deep_learning python,实战,2026-05-22T07:00:00
user_106,res_015,2,0.52,career deep_learning python,实战,2026-05-27T15:00:00
user_106,res_020,4,0.88,career deep_learning python,实战,2026-06-28T02:00:00
user_107,res_007,5,1.0,linux python web_backend,实战,2026-03-06T06:00:00
user_107,res_011,3,0.87,linux python web_backend,实战,2026-03-10T00:00:00
user_107,res_022,2,0.5,linux python web_backend,实战,2026-03-11T13:00:00
user_107,res_034,4,1.0,linux python web_backend,实战,2026-03-15T04:00:00
user_107,res_032,3,0.85,linux python web_backend,实战,2026-03-16T07:00:00
user_107,res_050,3,0.95,linux python web_backend,实战,2026-03-23T22:00:00
user_107,res_010,2,0.46,linux python web_backend,实战,2026-04-02T01:00:00
user_107,res_064,3,0.74,linux python web_backend,实战,2026-04-09T22:00:00
user_107,res_014,2,0.75,linux python web_backend,实战,2026-05-05T18:00:00
user_107,res_001,4,1.0,linux python web_backend,实战,2026-05-07T17:00:00
user_107,res_027,2,0.71,linux python web_backend,实战,2026-05-28T07:00:00
user_107,res_033,3,0.82,linux python web_backend,实战,2026-06-05T03:00:00
user_107,res_009,3,0.83,linux python web_backend,实战,2026-06-11T03:00:00
user_107,res_024,2,0.76,linux python web_backend,实战,2026-06-22T19:00:00
user_107,res_019,2,0.49,linux python web_backend,实战,2026-06-23T17:00:00
user_108,res_018,2,0.51,career machine_learning web_backend,实战,2026-03-15T10:00:00
user_108,res_054,2,0.55,career machine_learning web_backend,实战,2026-03-15T12:00:00
user_108,res_038,3,0.58,career machine_learning web_backend,实战,2026-03-18T15:00:00
user_108,res_011,3,0.79,career machine_learning web_backend,实战,2026-04-09T21:00:00
user_108,res_048,2,0.56,career machine_learning web_backend,实战,2026-04-18T13:00:00
user_108,res_010,4,1.0,career machine_learning web_backend,实战,2026-04-30T11:00:00
user_108,res_062,5,1.0,career machine_learning web_backend,实战,2026-05-11T23:00:00
user_108,res_024,3,0.87,career machine_learning web_backend,实战,2026-05-18T07:00:00
user_108,res_055,3,0.61,career machine_learning web_backend,实战,2026-05-26T03:00:00
user_108,res_023,3,0.76,career machine_learning web_backend,实战,2026-05-31T06:00:00
user_108,res_002,3,0.6,career machine_learning web_backend,实战,2026-06-05T17:00:00
user_108,res_043,3,0.56,career machine_learning web_backend,实战,2026-06-13T18:00:00
user_108,res_006,2,0.72,career machine_learning web_backend,实战,2026-06-27T06:00:00
user_109,res_058,4,1.0,career machine_learning web_backend,进阶,2026-03-16T07:00:00
user_109,res_024,2,0.61,career machine_learning web_backend,进阶,2026-03-16T08:00:00
user_109,res_056,2,0.42,career machine_learning web_backend,进阶,2026-03-23T12:00:00
user_109,res_054,3,0.84,career machine_learning web_backend,进阶,2026-04-05T22:00:00
user_109,res_032,2,0.55,career machine_learning web_backend,进阶,2026-04-08T19:00:00
user_109,res_005,2,0.83,career machine_learning web_backend,进阶,2026-04-13T06:00:00
user_109,res_013,4,0.7,career machine_learning web_backend,进阶,2026-04-20T12:00:00
user_109,res_044,3,0.95,career machine_learning web_backend,进阶,2026-05-05T08:00:00
user_109,res_055,3,0.7,career machine_learning web_backend,进阶,2026-05-06T21:00:00
user_109,res_031,3,0.68,career machine_learning web_backend,进阶,2026-05-25T19:00:00
user_109,res_064,5,1.0,career machine_learning web_backend,进阶,2026-06-03T05:00:00
user_109,res_052,3,0.79,career machine_learning web_backend,进阶,2026-06-05T20:00:00
user_109,res_001,2,0.73,career machine_learning web_backend,进阶,2026-06-15T02:00:00
user_109,res_012,4,0.75,career machine_learning web_backend,进阶,2026-06-29T04:00:00
user_110,res_051,4,0.84,machine_learning math python,实战,2026-03-05T01:00:00
user_110,res_017,3,0.54,machine_learning math python,实战,2026-03-06T04:00:00
user_110,res_054,4,0.93,machine_learning math python,实战,2026-04-01T07:00:00
user_110,res_002,3,0.66,machine_learning math python,实战,2026-04-13T05:00:00
user_110,res_022,2,0.79,machine_learning math python,实战,2026-04-13T12:00:00
user_110,res_033,3,0.8,machine_learning math python,实战,2026-04-15T09:00:00
user_110,res_052,3,0.68,machine_learning math python,实战,2026-04-15T13:00:00
user_110,res_013,4,0.72,machine_learning math python,实战,2026-04-25T04:00:00
user_110,res_064,3,0.58,machine_learning math python,实战,2026-04-27T10:00:00
user_110,res_003,4,0.79,machine_learning math python,实战,2026-04-28T21:00:00
user_110,res_058,2,0.58,machine_learning math python,实战,2026-05-03T18:00:00
user_110,res_043,3,0.74,machine_learning math python,实战,2026-05-10T21:00:00
user_110,res_032,3,0.73,machine_learning math python,实战,2026-05-11T05:00:00
user_110,res_035,3,0.68,machine_learning math python,实战,2026-06-03T18:00:00
user_110,res_019,3,0.7,machine_learning math python,实战,2026-06-06T03:00:00
user_110,res_030,2,0.69,machine_learning math python,实战,2026-06-08T09:00:00
user_110,res_028,3,0.77,machine_learning math python,实战,2026-06-24T13:00:00
user_110,res_063,3,0.78,machine_learning math python,实战,2026-06-25T22:00:00
user_111,res_063,2,0.83,linux python web_backend,进阶,2026-03-10T17:00:00
user_111,res_032,2,0.56,linux python web_backend,进阶,2026-03-10T20:00:00
user_111,res_025,3,0.82,linux python web_backend,进阶,2026-03-22T19:00:00
user_111,res_037,4,1.0,linux python web_backend,进阶,2026-03-26T15:00:00
user_111,res_058,3,0.75,linux python web_backend,进阶,2026-04-08T13:00:00
user_111,res_021,2,0.52,linux python web_backend,进阶,2026-04-08T18:00:00
user_111,res_041,4,0.74,linux python web_backend,进阶,2026-05-03T16:00:00
user_111,res_052,2,0.65,linux python web_backend,进阶,2026-05-07T15:00:00
user_111,res_007,4,0.9,linux python web_backend,进阶,2026-05-15T10:00:00
user_111,res_062,2,0.51,linux python web_backend,进阶,2026-06-04T02:00:00
user_112,res_034,2,0.47,linux machine_learning nlp,进阶,2026-03-04T07:00:00
user_112,res_032,3,0.65,linux machine_learning nlp,进阶,2026-03-04T08:00:00
user_112,res_036,3,0.56,linux machine_learning nlp,进阶,2026-03-26T11:00:00
user_112,res_046,3,0.83,linux machine_learning nlp,进阶,2026-03-31T12:00:00
user_112,res_041,4,0.76,linux machine_learning nlp,进阶,2026-04-06T20:00:00
user_112,res_057,3,0.89,linux machine_learning nlp,进阶,2026-04-22T10:00:00
user_112,res_060,3,0.66,linux machine_learning nlp,进阶,2026-05-02T17:00:00
user_112,res_014,4,0.77,linux machine_learning nlp,进阶,2026-05-10T05:00:00
user_112,res_002,3,0.92,linux machine_learning nlp,进阶,2026-05-21T06:00:00
user_112,res_012,4,0.75,linux machine_learning nlp,进阶,2026-06-04T21:00:00
user_112,res_043,3,0.8,linux machine_learning nlp,进阶,2026-06-12T19:00:00
user_112,res_037,3,0.71,linux machine_learning nlp,进阶,2026-06-24T01:00:00
user_112,res_049,3,0.92,linux machine_learning nlp,进阶,2026-06-28T18:00:00
user_112,res_059,3,0.88,linux machine_learning nlp,进阶,2026-06-29T14:00:00
user_113,res_024,2,0.78,linux nlp python,基础,2026-03-08T15:00:00
user_113,res_043,4,0.95,linux nlp python,基础,2026-03-15T10:00:00
user_113,res_056,3,0.63,linux nlp python,基础,2026-03-16T10:00:00
user_113,res_058,3,0.93,linux nlp python,基础,2026-03-28T04:00:00
user_113,res_020,3,0.93,linux nlp python,基础,2026-04-02T15:00:00
user_113,res_027,3,0.62,linux nlp python,基础,2026-04-05T14:00:00
user_113,res_005,4,0.9,linux nlp python,基础,2026-04-19T23:00:00
user_113,res_021,3,0.63,linux nlp python,基础,2026-05-13T23:00:00
user_113,res_039,3,0.58,linux nlp python,基础,2026-05-25T18:00:00
user_113,res_011,3,0.57,linux nlp python,基础,2026-06-29T23:00:00
user_114,res_004,3,0.72,linux math nlp,基础,2026-03-04T01:00:00
user_114,res_042,4,0.77,linux math nlp,基础,2026-03-11T15:00:00
user_114,res_019,3,0.87,linux math nlp,基础,2026-03-31T08:00:00
user_114,res_063,3,0.92,linux math nlp,基础,2026-04-08T02:00:00
user_114,res_053,4,0.98,linux math nlp,基础,2026-04-08T06:00:00
user_114,res_020,3,0.6,linux math nlp,基础,2026-04-26T20:00:00
user_114,res_048,4,0.95,linux math nlp,基础,2026-05-04T02:00:00
user_114,res_031,5,1.0,linux math nlp,基础,2026-05-08T07:00:00
user_114,res_002,3,0.88,linux math nlp,基础,2026-05-22T13:00:00
user_114,res_024,2,0.54,linux math nlp,基础,2026-05-29T11:00:00
user_114,res_003,3,0.91,linux math nlp,基础,2026-06-13T03:00:00
user_114,res_043,4,0.91,linux math nlp,基础,2026-06-13T17:00:00
user_114,res_039,3,0.71,linux math nlp,基础,2026-06-16T10:00:00
user_114,res_046,5,0.94,linux math nlp,基础,2026-06-25T12:00:00
user_115,res_013,2,0.79,deep_learning linux nlp,实战,2026-03-18T08:00:00
user_115,res_016,2,0.82,deep_learning linux nlp,实战,2026-03-22T18:00:00
user_115,res_020,3,0.71,deep_learning linux nlp,实战,2026-03-24T12:00:00
user_115,res_041,4,0.9,deep_learning linux nlp,实战,2026-04-11T09:00:00
user_115,res_034,2,0.72,deep_learning linux nlp,实战,2026-04-25T14:00:00
user_115,res_011,2,0.68,deep_learning linux nlp,实战,2026-05-16T08:00:00
user_115,res_001,3,0.86,deep_learning linux nlp,实战,2026-05-23T04:00:00
user_115,res_008,3,0.62,deep_learning linux nlp,实战,2026-05-29T05:00:00
user_115,res_026,5,1.0,deep_learning linux nlp,实战,2026-06-10T10:00:00
user_115,res_021,4,1.0,deep_learning linux nlp,实战,2026-06-22T18:00:00
user_115,res_006,3,0.8,deep_learning linux nlp,实战,2026-06-25T02:00:00
user_115,res_037,2,0.82,deep_learning linux nlp,实战,2026-06-27T17:00:00
user_116,res_009,4,1.0,career machine_learning python,实战,2026-03-01T08:00:00
user_116,res_056,2,0.83,career machine_learning python,实战,2026-03-31T19:00:00
user_116,res_025,3,0.96,career machine_learning python,实战,2026-04-06T23:00:00
user_116,res_018,3,0.95,career machine_learning python,实战,2026-04-20T21:00:00
user_116,res_028,3,0.69,career machine_learning python,实战,2026-04-20T21:00:00
user_116,res_061,4,0.83,career machine_learning python,实战,2026-04-22T04:00:00
user_116,res_019,2,0.57,career machine_learning python,实战,2026-04-24T23:00:00
user_116,res_051,3,0.57,career machine_learning python,实战,2026-04-30T04:00:00
user_116,res_032,2,0.81,career machine_learning python,实战,2026-04-30T11:00:00
user_116,res_048,3,0.56,career machine_learning python,实战,2026-05-11T01:00:00
user_116,res_014,4,1.0,career machine_learning python,实战,2026-05-11T01:00:00
user_116,res_053,3,0.64,career machine_learning python,实战,2026-05-14T21:00:00
user_116,res_064,4,1.0,career machine_learning python,实战,2026-06-11T19:00:00
user_117,res_003,3,0.78,career deep_learning machine_learning,实战,2026-03-01T16:00:00
user_117,res_017,5,0.82,career deep_learning machine_learning,实战,2026-03-12T06:00:00
user_117,res_032,2,0.62,career deep_learning machine_learning,实战,2026-03-13T10:00:00
user_117,res_009,4,0.98,career deep_learning machine_learning,实战,2026-03-20T17:00:00
user_117,res_008,3,0.61,career deep_learning machine_learning,实战,2026-03-22T23:00:00
user_117,res_021,3,0.59,career deep_learning machine_learning,实战,2026-03-30T05:00:00
user_117,res_057,4,0.98,career deep_learning machine_learning,实战,2026-04-03T16:00:00
user_117,res_044,3,0.93,career deep_learning machine_learning,实战,2026-04-06T08:00:00
user_117,res_030,2,0.79,career deep_learning machine_learning,实战,2026-04-10T23:00:00
user_117,res_018,4,0.94,career deep_learning machine_learning,实战,2026-05-27T03:00:00
user_117,res_046,2,0.52,career deep_learning machine_learning,实战,2026-05-30T14:00:00
user_117,res_028,2,0.56,career deep_learning machine_learning,实战,2026-05-30T17:00:00
user_117,res_006,3,0.81,career deep_learning machine_learning,实战,2026-06-11T14:00:00
user_117,res_010,4,0.86,career deep_learning machine_learning,实战,2026-06-17T23:00:00
user_117,res_059,4,0.77,career deep_learning machine_learning,实战,2026-06-23T21:00:00
user_117,res_061,4,0.73,career deep_learning machine_learning,实战,2026-06-26T02:00:00
user_117,res_034,2,0.84,career deep_learning machine_learning,实战,2026-06-27T15:00:00
user_118,res_022,4,0.83,deep_learning math web_backend,基础,2026-03-06T16:00:00
user_118,res_054,4,0.91,deep_learning math web_backend,基础,2026-03-12T12:00:00
user_118,res_018,4,0.8,deep_learning math web_backend,基础,2026-03-13T11:00:00
user_118,res_043,2,0.78,deep_learning math web_backend,基础,2026-03-21T12:00:00
user_118,res_058,3,0.77,deep_learning math web_backend,基础,2026-04-24T02:00:00
user_118,res_020,5,1.0,deep_learning math web_backend,基础,2026-04-27T10:00:00
user_118,res_001,3,0.88,deep_learning math web_backend,基础,2026-05-18T05:00:00
user_118,res_030,2,0.75,deep_learning math web_backend,基础,2026-06-04T02:00:00
user_118,res_031,3,0.65,deep_learning math web_backend,基础,2026-06-05T20:00:00
user_118,res_046,2,0.51,deep_learning math web_backend,基础,2026-06-07T12:00:00
user_118,res_061,2,0.54,deep_learning math web_backend,基础,2026-06-11T13:00:00
user_118,res_006,2,0.78,deep_learning math web_backend,基础,2026-06-11T20:00:00
user_118,res_039,4,0.86,deep_learning math web_backend,基础,2026-06-22T12:00:00
user_118,res_041,3,0.93,deep_learning math web_backend,基础,2026-06-24T21:00:00
user_118,res_002,3,0.96,deep_learning math web_backend,基础,2026-06-25T18:00:00
user_119,res_041,3,0.56,career linux nlp,基础,2026-03-06T16:00:00
user_119,res_042,3,0.71,career linux nlp,基础,2026-03-13T14:00:00
user_119,res_019,2,0.69,career linux nlp,基础,2026-03-23T05:00:00
user_119,res_063,4,0.89,career linux nlp,基础,2026-04-02T11:00:00
user_119,res_034,3,0.75,career linux nlp,基础,2026-04-07T18:00:00
user_119,res_059,4,1.0,career linux nlp,基础,2026-04-13T05:00:00
user_119,res_030,5,0.79,career linux nlp,基础,2026-04-23T22:00:00
user_119,res_028,4,0.9,career linux nlp,基础,2026-04-28T21:00:00
user_119,res_006,2,0.45,career linux nlp,基础,2026-05-04T00:00:00
user_119,res_031,5,0.82,career linux nlp,基础,2026-05-08T00:00:00
user_119,res_052,2,0.44,career linux nlp,基础,2026-05-17T08:00:00
user_119,res_064,4,1.0,career linux nlp,基础,2026-05-27T09:00:00
user_120,res_039,3,0.54,career nlp python,基础,2026-03-22T04:00:00
user_120,res_026,4,0.95,career nlp python,基础,2026-03-25T00:00:00
user_120,res_045,2,0.47,career nlp python,基础,2026-03-25T03:00:00
user_120,res_032,3,0.72,career nlp python,基础,2026-04-01T06:00:00
user_120,res_020,3,0.89,career nlp python,基础,2026-04-20T01:00:00
user_120,res_048,2,0.54,career nlp python,基础,2026-04-29T04:00:00
user_120,res_047,3,0.72,career nlp python,基础,2026-05-02T15:00:00
user_120,res_056,2,0.69,career nlp python,基础,2026-05-23T07:00:00
user_120,res_062,4,0.92,career nlp python,基础,2026-05-28T21:00:00
user_120,res_043,2,0.68,career nlp python,基础,2026-06-10T17:00:00
user_120,res_030,5,1.0,career nlp python,基础,2026-06-11T09:00:00
user_120,res_040,3,0.57,career nlp python,基础,2026-06-17T22:00:00
user_121,res_015,2,0.5,career math nlp,实战,2026-03-07T00:00:00
user_121,res_034,3,0.68,career math nlp,实战,2026-03-15T19:00:00
user_121,res_026,4,0.77,career math nlp,实战,2026-03-25T15:00:00
user_121,res_053,5,0.83,career math nlp,实战,2026-03-26T05:00:00
user_121,res_062,4,0.75,career math nlp,实战,2026-03-29T18:00:00
user_121,res_038,2,0.65,career math nlp,实战,2026-04-04T20:00:00
user_121,res_064,4,0.71,career math nlp,实战,2026-04-07T23:00:00
user_121,res_060,4,0.69,career math nlp,实战,2026-04-23T15:00:00
user_121,res_040,3,0.68,career math nlp,实战,2026-04-30T05:00:00
user_121,res_002,2,0.65,career math nlp,实战,2026-05-02T08:00:00
user_121,res_003,3,0.73,career math nlp,实战,2026-05-03T19:00:00
user_121,res_004,2,0.78,career math nlp,实战,2026-05-04T01:00:00
user_121,res_033,3,0.68,career math nlp,实战,2026-05-17T22:00:00
user_121,res_046,2,0.52,career math nlp,实战,2026-05-26T05:00:00
user_121,res_032,5,0.92,career math nlp,实战,2026-05-29T13:00:00
user_121,res_044,3,0.65,career math nlp,实战,2026-06-04T02:00:00
user_121,res_028,5,1.0,career math nlp,实战,2026-06-07T01:00:00
user_121,res_047,3,0.94,career math nlp,实战,2026-06-15T21:00:00
user_122,res_007,3,0.87,linux machine_learning web_backend,实战,2026-03-14T17:00:00
user_122,res_061,3,0.92,linux machine_learning web_backend,实战,2026-03-21T23:00:00
user_122,res_049,2,0.76,linux machine_learning web_backend,实战,2026-04-13T09:00:00
user_122,res_008,3,0.57,linux machine_learning web_backend,实战,2026-04-17T22:00:00
user_122,res_051,2,0.73,linux machine_learning web_backend,实战,2026-04-23T07:00:00
user_122,res_029,2,0.6,linux machine_learning web_backend,实战,2026-05-04T15:00:00
user_122,res_060,2,0.46,linux machine_learning web_backend,实战,2026-05-20T03:00:00
user_122,res_052,3,0.57,linux machine_learning web_backend,实战,2026-05-22T11:00:00
user_122,res_064,3,0.69,linux machine_learning web_backend,实战,2026-05-25T07:00:00
user_122,res_054,2,0.59,linux machine_learning web_backend,实战,2026-06-07T00:00:00
user_122,res_030,2,0.47,linux machine_learning web_backend,实战,2026-06-17T06:00:00
user_123,res_006,2,0.68,deep_learning math nlp,进阶,2026-03-03T00:00:00
user_123,res_061,2,0.58,deep_learning math nlp,进阶,2026-03-05T21:00:00
user_123,res_001,3,0.91,deep_learning math nlp,进阶,2026-03-11T01:00:00
user_123,res_029,4,0.84,deep_learning math nlp,进阶,2026-03-27T17:00:00
user_123,res_005,2,0.63,deep_learning math nlp,进阶,2026-04-09T16:00:00
user_123,res_024,5,0.9,deep_learning math nlp,进阶,2026-04-14T00:00:00
user_123,res_051,4,1.0,deep_learning math nlp,进阶,2026-04-23T12:00:00
user_123,res_010,3,0.8,deep_learning math nlp,进阶,2026-04-26T22:00:00
user_123,res_063,3,0.75,deep_learning math nlp,进阶,2026-05-09T09:00:00
user_123,res_055,5,0.83,deep_learning math nlp,进阶,2026-05-13T01:00:00
user_123,res_002,3,0.92,deep_learning math nlp,进阶,2026-05-18T04:00:00
user_123,res_050,4,1.0,deep_learning math nlp,进阶,2026-05-23T12:00:00
user_123,res_046,2,0.58,deep_learning math nlp,进阶,2026-06-01T23:00:00
user_123,res_059,2,0.58,deep_learning math nlp,进阶,2026-06-07T05:00:00
user_123,res_034,3,0.95,deep_learning math nlp,进阶,2026-06-11T21:00:00
user_123,res_044,3,0.83,deep_learning math nlp,进阶,2026-06-20T09:00:00
user_124,res_023,3,0.71,deep_learning machine_learning web_backend,实战,2026-03-17T15:00:00
user_124,res_029,2,0.72,deep_learning machine_learning web_backend,实战,2026-03-17T22:00:00
user_124,res_055,3,0.88,deep_learning machine_learning web_backend,实战,2026-03-19T16:00:00
user_124,res_015,4,0.65,deep_learning machine_learning web_backend,实战,2026-04-13T07:00:00
user_124,res_024,4,0.71,deep_learning machine_learning web_backend,实战,2026-04-18T16:00:00
user_124,res_033,3,0.71,deep_learning machine_learning web_backend,实战,2026-04-22T02:00:00
user_124,res_041,2,0.74,deep_learning machine_learning web_backend,实战,2026-04-28T03:00:00
user_124,res_042,3,0.83,deep_learning machine_learning web_backend,实战,2026-05-02T23:00:00
user_124,res_017,5,0.82,deep_learning machine_learning web_backend,实战,2026-05-06T18:00:00
user_124,res_004,3,0.8,deep_learning machine_learning web_backend,实战,2026-05-08T19:00:00
user_124,res_047,3,0.96,deep_learning machine_learning web_backend,实战,2026-05-12T22:00:00
user_124,res_049,3,0.78,deep_learning machine_learning web_backend,实战,2026-05-21T13:00:00
user_124,res_054,2,0.54,deep_learning machine_learning web_backend,实战,2026-05-25T22:00:00
user_124,res_008,2,0.44,deep_learning machine_learning web_backend,实战,2026-05-26T16:00:00
user_124,res_020,4,0.88,deep_learning machine_learning web_backend,实战,2026-05-28T06:00:00
user_124,res_062,3,0.77,deep_learning machine_learning web_backend,实战,2026-06-08T12:00:00
user_125,res_037,2,0.72,career nlp python,实战,2026-03-12T19:00:00
user_125,res_057,4,0.71,career nlp python,实战,2026-03-18T16:00:00
user_125,res_019,3,0.71,career nlp python,实战,2026-03-30T12:00:00
user_125,res_048,2,0.48,career nlp python,实战,2026-04-17T09:00:00
user_125,res_062,5,1.0,career nlp python,实战,2026-04-30T23:00:00
user_125,res_059,5,0.9,career nlp python,实战,2026-05-02T00:00:00
user_125,res_039,2,0.76,career nlp python,实战,2026-05-02T00:00:00
user_125,res_027,4,0.9,career nlp python,实战,2026-05-12T14:00:00
user_125,res_061,4,0.71,career nlp python,实战,2026-05-15T13:00:00
user_125,res_024,2,0.74,career nlp python,实战,2026-05-25T14:00:00
user_125,res_055,2,0.56,career nlp python,实战,2026-06-20T01:00:00
user_125,res_008,4,1.0,career nlp python,实战,2026-06-22T09:00:00
user_126,res_002,4,0.82,linux python web_backend,实战,2026-03-06T15:00:00
user_126,res_008,5,1.0,linux python web_backend,实战,2026-03-07T06:00:00
user_126,res_046,4,0.9,linux python web_backend,实战,2026-03-11T17:00:00
user_126,res_064,3,0.66,linux python web_backend,实战,2026-03-13T10:00:00
user_126,res_051,2,0.46,linux python web_backend,实战,2026-03-13T17:00:00
user_126,res_056,2,0.81,linux python web_backend,实战,2026-03-24T00:00:00
user_126,res_020,2,0.82,linux python web_backend,实战,2026-03-24T00:00:00
user_126,res_054,2,0.67,linux python web_backend,实战,2026-03-31T15:00:00
user_126,res_050,2,0.47,linux python web_backend,实战,2026-04-02T02:00:00
user_126,res_063,2,0.79,linux python web_backend,实战,2026-04-03T12:00:00
user_126,res_041,4,1.0,linux python web_backend,实战,2026-04-10T12:00:00
user_126,res_037,5,0.78,linux python web_backend,实战,2026-04-25T05:00:00
user_126,res_042,4,0.67,linux python web_backend,实战,2026-05-12T16:00:00
user_126,res_036,4,0.73,linux python web_backend,实战,2026-05-19T17:00:00
user_126,res_059,2,0.82,linux python web_backend,实战,2026-05-26T05:00:00
user_126,res_011,2,0.5,linux python web_backend,实战,2026-06-15T22:00:00
user_126,res_006,3,0.73,linux python web_backend,实战,2026-06-23T00:00:00
user_127,res_062,2,0.83,deep_learning math python,基础,2026-03-01T01:00:00
user_127,res_018,3,0.76,deep_learning math python,基础,2026-03-09T09:00:00
user_127,res_036,2,0.58,deep_learning math python,基础,2026-03-11T20:00:00
user_127,res_027,2,0.75,deep_learning math python,基础,2026-03-19T11:00:00
user_127,res_005,4,0.72,deep_learning math python,基础,2026-04-01T17:00:00
user_127,res_059,2,0.77,deep_learning math python,基础,2026-04-06T01:00:00
user_127,res_015,3,0.69,deep_learning math python,基础,2026-04-14T20:00:00
user_127,res_031,3,0.94,deep_learning math python,基础,2026-05-11T14:00:00
user_127,res_041,3,0.74,deep_learning math python,基础,2026-05-16T08:00:00
user_127,res_007,4,1.0,deep_learning math python,基础,2026-05-21T08:00:00
user_127,res_060,2,0.65,deep_learning math python,基础,2026-06-09T04:00:00
user_127,res_044,2,0.63,deep_learning math python,基础,2026-06-11T10:00:00
user_127,res_063,2,0.71,deep_learning math python,基础,2026-06-15T04:00:00
user_127,res_002,4,1.0,deep_learning math python,基础,2026-06-15T19:00:00
user_127,res_038,3,0.96,deep_learning math python,基础,2026-06-21T13:00:00
user_128,res_045,3,0.63,career deep_learning machine_learning,实战,2026-03-03T08:00:00
user_128,res_014,4,0.82,career deep_learning machine_learning,实战,2026-03-11T20:00:00
user_128,res_022,4,0.8,career deep_learning machine_learning,实战,2026-03-23T22:00:00
user_128,res_009,4,0.95,career deep_learning machine_learning,实战,2026-03-25T02:00:00
user_128,res_001,2,0.83,career deep_learning machine_learning,实战,2026-04-16T01:00:00
user_128,res_002,3,0.58,career deep_learning machine_learning,实战,2026-04-17T06:00:00
user_128,res_064,4,0.94,career deep_learning machine_learning,实战,2026-05-12T05:00:00
user_128,res_055,2,0.78,career deep_learning machine_learning,实战,2026-05-12T16:00:00
user_128,res_052,2,0.65,career deep_learning machine_learning,实战,2026-05-24T23:00:00
user_128,res_044,2,0.65,career deep_learning machine_learning,实战,2026-05-29T22:00:00
user_128,res_061,3,0.92,career deep_learning machine_learning,实战,2026-05-30T19:00:00
user_128,res_042,3,0.8,career deep_learning machine_learning,实战,2026-06-12T22:00:00
user_128,res_039,2,0.46,career deep_learning machine_learning,实战,2026-06-13T12:00:00
user_128,res_031,2,0.49,career deep_learning machine_learning,实战,2026-06-14T20:00:00
user_128,res_030,3,0.76,career deep_learning machine_learning,实战,2026-06-23T21:00:00
user_129,res_047,2,0.66,career machine_learning web_backend,实战,2026-03-04T23:00:00
user_129,res_018,2,0.55,career machine_learning web_backend,实战,2026-03-09T20:00:00
user_129,res_051,2,0.71,career machine_learning web_backend,实战,2026-03-10T07:00:00
user_129,res_034,4,0.65,career machine_learning web_backend,实战,2026-03-25T10:00:00
user_129,res_057,3,0.65,career machine_learning web_backend,实战,2026-04-23T17:00:00
user_129,res_037,4,1.0,career machine_learning web_backend,实战,2026-04-25T13:00:00
user_129,res_055,2,0.7,career machine_learning web_backend,实战,2026-04-29T15:00:00
user_129,res_064,4,0.76,career machine_learning web_backend,实战,2026-05-11T14:00:00
user_129,res_060,4,0.83,career machine_learning web_backend,实战,2026-05-26T20:00:00
user_129,res_017,2,0.7,career machine_learning web_backend,实战,2026-05-28T21:00:00
user_129,res_015,4,0.98,career machine_learning web_backend,实战,2026-06-22T23:00:00
user_130,res_061,2,0.43,machine_learning nlp python,进阶,2026-03-07T09:00:00
user_130,res_017,2,0.66,machine_learning nlp python,进阶,2026-03-11T01:00:00
user_130,res_043,3,0.75,machine_learning nlp python,进阶,2026-03-31T02:00:00
user_130,res_031,3,0.79,machine_learning nlp python,进阶,2026-04-25T02:00:00
user_130,res_022,3,0.7,machine_learning nlp python,进阶,2026-05-19T13:00:00
user_130,res_063,2,0.67,machine_learning nlp python,进阶,2026-05-24T19:00:00
user_130,res_054,3,0.8,machine_learning nlp python,进阶,2026-06-06T03:00:00
user_130,res_004,3,0.7,machine_learning nlp python,进阶,2026-06-10T13:00:00
user_130,res_016,4,0.81,machine_learning nlp python,进阶,2026-06-22T22:00:00
user_130,res_007,3,0.58,machine_learning nlp python,进阶,2026-06-26T14:00:00
user_131,res_038,2,0.43,deep_learning linux machine_learning,实战,2026-03-17T09:00:00
user_131,res_022,4,0.92,deep_learning linux machine_learning,实战,2026-03-24T07:00:00
user_131,res_059,2,0.75,deep_learning linux machine_learning,实战,2026-03-25T18:00:00
user_131,res_046,4,0.83,deep_learning linux machine_learning,实战,2026-03-26T06:00:00
user_131,res_064,2,0.54,deep_learning linux machine_learning,实战,2026-04-13T09:00:00
user_131,res_034,2,0.63,deep_learning linux machine_learning,实战,2026-04-15T13:00:00
user_131,res_039,3,0.55,deep_learning linux machine_learning,实战,2026-05-04T17:00:00
user_131,res_001,3,0.53,deep_learning linux machine_learning,实战,2026-05-15T21:00:00
user_131,res_013,4,0.87,deep_learning linux machine_learning,实战,2026-05-23T11:00:00
user_131,res_007,3,0.91,deep_learning linux machine_learning,实战,2026-06-08T04:00:00
user_132,res_062,3,0.53,math nlp python,进阶,2026-03-02T02:00:00
user_132,res_022,3,0.77,math nlp python,进阶,2026-03-19T09:00:00
user_132,res_058,2,0.65,math nlp python,进阶,2026-03-23T06:00:00
user_132,res_038,2,0.42,math nlp python,进阶,2026-03-26T09:00:00
user_132,res_063,3,0.73,math nlp python,进阶,2026-03-28T07:00:00
user_132,res_020,2,0.7,math nlp python,进阶,2026-04-18T20:00:00
user_132,res_039,3,0.69,math nlp python,进阶,2026-04-21T05:00:00
user_132,res_061,2,0.48,math nlp python,进阶,2026-04-28T01:00:00
user_132,res_045,2,0.81,math nlp python,进阶,2026-05-21T07:00:00
user_132,res_037,2,0.79,math nlp python,进阶,2026-06-01T05:00:00
user_132,res_030,4,0.98,math nlp python,进阶,2026-06-13T10:00:00
user_132,res_040,2,0.77,math nlp python,进阶,2026-06-25T03:00:00
user_132,res_055,4,0.92,math nlp python,进阶,2026-06-25T11:00:00
user_133,res_043,2,0.53,career deep_learning machine_learning,进阶,2026-03-17T16:00:00
user_133,res_009,4,0.81,career deep_learning machine_learning,进阶,2026-03-21T11:00:00
user_133,res_011,5,1.0,career deep_learning machine_learning,进阶,2026-03-27T23:00:00
user_133,res_010,4,0.75,career deep_learning machine_learning,进阶,2026-03-28T09:00:00
user_133,res_049,2,0.63,career deep_learning machine_learning,进阶,2026-03-30T18:00:00
user_133,res_063,4,0.71,career deep_learning machine_learning,进阶,2026-04-01T01:00:00
user_133,res_031,2,0.71,career deep_learning machine_learning,进阶,2026-04-10T19:00:00
user_133,res_046,2,0.82,career deep_learning machine_learning,进阶,2026-04-30T08:00:00
user_133,res_040,3,0.69,career deep_learning machine_learning,进阶,2026-05-06T14:00:00
user_133,res_028,2,0.72,career deep_learning machine_learning,进阶,2026-05-07T22:00:00
user_133,res_034,2,0.61,career deep_learning machine_learning,进阶,2026-05-24T19:00:00
user_133,res_013,3,0.57,career deep_learning machine_learning,进阶,2026-06-05T02:00:00
user_133,res_062,3,0.75,career deep_learning machine_learning,进阶,2026-06-05T20:00:00
user_133,res_005,2,0.68,career deep_learning machine_learning,进阶,2026-06-10T18:00:00
user_133,res_052,3,0.78,career deep_learning machine_learning,进阶,2026-06-18T17:00:00
user_133,res_008,3,0.62,career deep_learning machine_learning,进阶,2026-06-23T06:00:00
user_133,res_024,4,0.92,career deep_learning machine_learning,进阶,2026-06-26T01:00:00
user_134,res_032,5,1.0,nlp python web_backend,实战,2026-03-02T09:00:00
user_134,res_018,3,0.86,nlp python web_backend,实战,2026-03-02T15:00:00
user_134,res_052,2,0.67,nlp python web_backend,实战,2026-03-18T22:00:00
user_134,res_025,5,1.0,nlp python web_backend,实战,2026-03-20T12:00:00
user_134,res_002,3,0.84,nlp python web_backend,实战,2026-03-27T15:00:00
user_134,res_030,3,0.65,nlp python web_backend,实战,2026-03-30T03:00:00
user_134,res_027,4,0.94,nlp python web_backend,实战,2026-04-02T09:00:00
user_134,res_021,2,0.56,nlp python web_backend,实战,2026-04-21T12:00:00
user_134,res_028,4,0.8,nlp python web_backend,实战,2026-05-09T06:00:00
user_134,res_029,4,0.87,nlp python web_backend,实战,2026-05-09T20:00:00
user_134,res_012,2,0.66,nlp python web_backend,实战,2026-05-10T14:00:00
user_134,res_015,2,0.49,nlp python web_backend,实战,2026-06-07T22:00:00
user_134,res_063,3,0.73,nlp python web_backend,实战,2026-06-10T02:00:00
user_134,res_024,3,0.86,nlp python web_backend,实战,2026-06-17T08:00:00
user_134,res_055,2,0.44,nlp python web_backend,实战,2026-06-24T02:00:00
user_135,res_043,2,0.57,machine_learning math nlp,进阶,2026-03-02T05:00:00
user_135,res_056,4,1.0,machine_learning math nlp,进阶,2026-03-27T12:00:00
user_135,res_009,5,0.84,machine_learning math nlp,进阶,2026-04-12T18:00:00
user_135,res_032,3,0.56,machine_learning math nlp,进阶,2026-04-19T09:00:00
user_135,res_023,2,0.8,machine_learning math nlp,进阶,2026-04-20T05:00:00
user_135,res_022,3,0.59,machine_learning math nlp,进阶,2026-04-23T15:00:00
user_135,res_027,4,0.74,machine_learning math nlp,进阶,2026-04-25T22:00:00
user_135,res_062,2,0.58,machine_learning math nlp,进阶,2026-04-30T03:00:00
user_135,res_001,2,0.71,machine_learning math nlp,进阶,2026-05-02T00:00:00
user_135,res_052,3,0.66,machine_learning math nlp,进阶,2026-05-07T02:00:00
user_135,res_048,2,0.45,machine_learning math nlp,进阶,2026-05-10T05:00:00
user_135,res_024,3,0.78,machine_learning math nlp,进阶,2026-05-12T01:00:00
user_135,res_028,4,0.72,machine_learning math nlp,进阶,2026-05-13T09:00:00
user_135,res_037,2,0.67,machine_learning math nlp,进阶,2026-05-17T18:00:00
user_135,res_020,2,0.82,machine_learning math nlp,进阶,2026-05-21T09:00:00
user_135,res_044,2,0.63,machine_learning math nlp,进阶,2026-05-27T14:00:00
user_135,res_004,3,0.86,machine_learning math nlp,进阶,2026-05-28T17:00:00
user_135,res_015,4,0.82,machine_learning math nlp,进阶,2026-06-24T06:00:00
user_136,res_048,2,0.49,machine_learning python web_backend,基础,2026-03-05T00:00:00
user_136,res_016,3,0.83,machine_learning python web_backend,基础,2026-03-06T07:00:00
user_136,res_022,2,0.7,machine_learning python web_backend,基础,2026-03-09T22:00:00
user_136,res_032,2,0.74,machine_learning python web_backend,基础,2026-03-16T11:00:00
user_136,res_006,4,0.95,machine_learning python web_backend,基础,2026-03-18T10:00:00
user_136,res_054,2,0.48,machine_learning python web_backend,基础,2026-03-27T16:00:00
user_136,res_003,4,0.85,machine_learning python web_backend,基础,2026-04-13T23:00:00
user_136,res_009,4,1.0,machine_learning python web_backend,基础,2026-04-14T22:00:00
user_136,res_053,3,0.87,machine_learning python web_backend,基础,2026-04-20T19:00:00
user_136,res_026,3,0.9,machine_learning python web_backend,基础,2026-04-23T07:00:00
user_136,res_039,4,0.92,machine_learning python web_backend,基础,2026-04-25T14:00:00
user_136,res_019,3,0.73,machine_learning python web_backend,基础,2026-04-29T02:00:00
user_136,res_056,2,0.42,machine_learning python web_backend,基础,2026-05-21T22:00:00
user_136,res_052,3,0.81,machine_learning python web_backend,基础,2026-05-29T18:00:00
user_136,res_030,2,0.46,machine_learning python web_backend,基础,2026-06-07T10:00:00
user_136,res_034,5,0.84,machine_learning python web_backend,基础,2026-06-21T20:00:00
user_136,res_037,4,1.0,machine_learning python web_backend,基础,2026-06-25T15:00:00
user_137,res_002,2,0.59,linux machine_learning web_backend,基础,2026-03-02T10:00:00
user_137,res_018,2,0.7,linux machine_learning web_backend,基础,2026-03-02T21:00:00
user_137,res_011,4,0.78,linux machine_learning web_backend,基础,2026-03-07T19:00:00
user_137,res_039,5,1.0,linux machine_learning web_backend,基础,2026-03-09T07:00:00
user_137,res_031,2,0.6,linux machine_learning web_backend,基础,2026-03-23T06:00:00
user_137,res_035,4,0.7,linux machine_learning web_backend,基础,2026-03-28T03:00:00
user_137,res_060,3,0.69,linux machine_learning web_backend,基础,2026-03-31T06:00:00
user_137,res_048,4,0.72,linux machine_learning web_backend,基础,2026-04-21T20:00:00
user_137,res_012,4,0.72,linux machine_learning web_backend,基础,2026-04-23T16:00:00
user_137,res_026,2,0.58,linux machine_learning web_backend,基础,2026-04-28T07:00:00
user_137,res_053,3,0.91,linux machine_learning web_backend,基础,2026-05-08T06:00:00
user_137,res_008,2,0.5,linux machine_learning web_backend,基础,2026-05-09T12:00:00
user_137,res_019,2,0.55,linux machine_learning web_backend,基础,2026-05-11T20:00:00
user_137,res_064,2,0.43,linux machine_learning web_backend,基础,2026-05-21T16:00:00
user_137,res_059,2,0.74,linux machine_learning web_backend,基础,2026-06-07T06:00:00
user_137,res_007,3,0.57,linux machine_learning web_backend,基础,2026-06-15T21:00:00
user_137,res_054,2,0.72,linux machine_learning web_backend,基础,2026-06-23T03:00:00
user_138,res_011,4,0.77,deep_learning linux machine_learning,实战,2026-03-04T07:00:00
user_138,res_046,3,0.62,deep_learning linux machine_learning,实战,2026-03-05T07:00:00
user_138,res_050,3,0.96,deep_learning linux machine_learning,实战,2026-03-30T00:00:00
user_138,res_020,4,0.93,deep_learning linux machine_learning,实战,2026-03-30T16:00:00
user_138,res_007,2,0.57,deep_learning linux machine_learning,实战,2026-04-07T06:00:00
user_138,res_039,2,0.8,deep_learning linux machine_learning,实战,2026-04-09T07:00:00
user_138,res_051,3,0.59,deep_learning linux machine_learning,实战,2026-04-10T20:00:00
user_138,res_006,2,0.45,deep_learning linux machine_learning,实战,2026-04-11T20:00:00
user_138,res_035,3,0.79,deep_learning linux machine_learning,实战,2026-04-26T23:00:00
user_138,res_014,4,1.0,deep_learning linux machine_learning,实战,2026-05-01T02:00:00
user_138,res_027,2,0.67,deep_learning linux machine_learning,实战,2026-05-14T14:00:00
user_138,res_032,3,0.86,deep_learning linux machine_learning,实战,2026-05-19T02:00:00
user_138,res_057,2,0.49,deep_learning linux machine_learning,实战,2026-06-06T22:00:00
user_138,res_005,3,0.82,deep_learning linux machine_learning,实战,2026-06-07T22:00:00
user_138,res_037,3,0.55,deep_learning linux machine_learning,实战,2026-06-10T13:00:00
user_139,res_012,4,0.68,deep_learning linux machine_learning,基础,2026-03-18T22:00:00
user_139,res_029,3,0.6,deep_learning linux machine_learning,基础,2026-03-25T00:00:00
user_139,res_007,2,0.62,deep_learning linux machine_learning,基础,2026-03-25T01:00:00
user_139,res_059,2,0.47,deep_learning linux machine_learning,基础,2026-03-27T04:00:00
user_139,res_016,4,0.96,deep_learning linux machine_learning,基础,2026-04-01T13:00:00
user_139,res_034,2,0.72,deep_learning linux machine_learning,基础,2026-04-02T12:00:00
user_139,res_044,4,0.92,deep_learning linux machine_learning,基础,2026-04-04T15:00:00
user_139,res_052,2,0.52,deep_learning linux machine_learning,基础,2026-04-06T18:00:00
user_139,res_021,4,0.85,deep_learning linux machine_learning,基础,2026-04-18T17:00:00
user_139,res_045,3,0.95,deep_learning linux machine_learning,基础,2026-04-20T12:00:00
user_139,res_047,3,0.72,deep_learning linux machine_learning,基础,2026-05-04T19:00:00
user_139,res_025,3,0.93,deep_learning linux machine_learning,基础,2026-05-16T17:00:00
user_139,res_041,3,0.75,deep_learning linux machine_learning,基础,2026-06-01T11:00:00
user_139,res_043,3,0.56,deep_learning linux machine_learning,基础,2026-06-01T14:00:00
user_139,res_015,5,1.0,deep_learning linux machine_learning,基础,2026-06-13T15:00:00
user_139,res_063,2,0.66,deep_learning linux machine_learning,基础,2026-06-15T06:00:00
user_139,res_039,2,0.57,deep_learning linux machine_learning,基础,2026-06-18T02:00:00
user_139,res_001,2,0.81,deep_learning linux machine_learning,基础,2026-06-29T12:00:00
user_140,res_059,3,0.63,linux math nlp,进阶,2026-03-05T11:00:00
user_140,res_003,2,0.43,linux math nlp,进阶,2026-04-19T13:00:00
user_140,res_013,3,0.92,linux math nlp,进阶,2026-04-20T22:00:00
user_140,res_028,4,0.72,linux math nlp,进阶,2026-04-24T08:00:00
user_140,res_025,4,0.76,linux math nlp,进阶,2026-04-28T21:00:00
user_140,res_049,4,1.0,linux math nlp,进阶,2026-05-06T06:00:00
user_140,res_037,2,0.52,linux math nlp,进阶,2026-05-14T21:00:00
user_140,res_057,2,0.71,linux math nlp,进阶,2026-05-21T22:00:00
user_140,res_008,2,0.7,linux math nlp,进阶,2026-05-29T21:00:00
user_140,res_053,4,0.98,linux math nlp,进阶,2026-06-05T23:00:00
user_140,res_011,3,0.54,linux math nlp,进阶,2026-06-07T02:00:00
user_141,res_052,4,0.98,career math web_backend,实战,2026-03-02T01:00:00
user_141,res_063,4,0.73,career math web_backend,实战,2026-03-15T14:00:00
user_141,res_037,4,0.69,career math web_backend,实战,2026-03-16T08:00:00
user_141,res_006,3,0.88,career math web_backend,实战,2026-03-25T08:00:00
user_141,res_056,4,0.74,career math web_backend,实战,2026-03-26T01:00:00
user_141,res_010,3,0.55,career math web_backend,实战,2026-03-28T16:00:00
user_141,res_050,4,0.66,career math web_backend,实战,2026-03-31T15:00:00
user_141,res_040,4,1.0,career math web_backend,实战,2026-04-20T22:00:00
user_141,res_007,3,0.9,career math web_backend,实战,2026-04-26T20:00:00
user_141,res_018,3,0.69,career math web_backend,实战,2026-05-06T08:00:00
user_141,res_041,3,0.58,career math web_backend,实战,2026-05-21T05:00:00
user_141,res_023,2,0.82,career math web_backend,实战,2026-05-25T18:00:00
user_141,res_027,2,0.44,career math web_backend,实战,2026-05-29T13:00:00
user_141,res_057,3,0.69,career math web_backend,实战,2026-05-30T04:00:00
user_141,res_049,4,0.93,career math web_backend,实战,2026-06-02T13:00:00
user_141,res_047,2,0.83,career math web_backend,实战,2026-06-13T15:00:00
user_142,res_021,4,0.93,career deep_learning nlp,实战,2026-03-01T20:00:00
user_142,res_053,3,0.88,career deep_learning nlp,实战,2026-03-03T20:00:00
user_142,res_043,3,0.79,career deep_learning nlp,实战,2026-03-11T11:00:00
user_142,res_040,3,0.66,career deep_learning nlp,实战,2026-03-25T22:00:00
user_142,res_057,4,0.97,career deep_learning nlp,实战,2026-04-01T11:00:00
user_142,res_064,3,0.58,career deep_learning nlp,实战,2026-05-07T08:00:00
user_142,res_060,4,0.94,career deep_learning nlp,实战,2026-05-10T14:00:00
user_142,res_004,2,0.63,career deep_learning nlp,实战,2026-05-13T22:00:00
user_142,res_063,4,0.84,career deep_learning nlp,实战,2026-05-17T15:00:00
user_142,res_023,4,0.7,career deep_learning nlp,实战,2026-06-10T02:00:00
user_142,res_016,3,0.55,career deep_learning nlp,实战,2026-06-12T23:00:00
user_142,res_022,4,0.95,career deep_learning nlp,实战,2026-06-20T15:00:00
user_142,res_044,3,0.53,career deep_learning nlp,实战,2026-06-20T22:00:00
user_142,res_025,5,1.0,career deep_learning nlp,实战,2026-06-24T03:00:00
user_142,res_024,4,1.0,career deep_learning nlp,实战,2026-06-27T04:00:00
user_142,res_026,4,1.0,career deep_learning nlp,实战,2026-06-28T15:00:00
user_143,res_006,3,0.58,deep_learning nlp python,进阶,2026-03-12T03:00:00
user_143,res_025,4,0.9,deep_learning nlp python,进阶,2026-03-14T12:00:00
user_143,res_021,4,1.0,deep_learning nlp python,进阶,2026-03-17T16:00:00
user_143,res_015,3,0.66,deep_learning nlp python,进阶,2026-03-29T15:00:00
user_143,res_047,3,0.59,deep_learning nlp python,进阶,2026-04-06T04:00:00
user_143,res_018,3,0.9,deep_learning nlp python,进阶,2026-04-10T04:00:00
user_143,res_061,3,0.95,deep_learning nlp python,进阶,2026-04-10T11:00:00
user_143,res_028,4,0.7,deep_learning nlp python,进阶,2026-04-17T04:00:00
user_143,res_045,3,0.95,deep_learning nlp python,进阶,2026-04-25T07:00:00
user_143,res_002,3,0.56,deep_learning nlp python,进阶,2026-05-08T06:00:00
user_143,res_016,2,0.47,deep_learning nlp python,进阶,2026-05-08T20:00:00
user_143,res_046,3,0.94,deep_learning nlp python,进阶,2026-05-13T23:00:00
user_143,res_043,3,0.84,deep_learning nlp python,进阶,2026-05-23T20:00:00
user_143,res_014,3,0.57,deep_learning nlp python,进阶,2026-05-28T10:00:00
user_143,res_011,3,0.93,deep_learning nlp python,进阶,2026-06-07T19:00:00
user_143,res_031,3,0.73,deep_learning nlp python,进阶,2026-06-23T21:00:00
user_143,res_049,2,0.56,deep_learning nlp python,进阶,2026-06-25T22:00:00
user_143,res_007,3,0.85,deep_learning nlp python,进阶,2026-06-28T06:00:00
user_144,res_046,3,0.6,deep_learning python web_backend,进阶,2026-03-03T17:00:00
user_144,res_054,3,0.7,deep_learning python web_backend,进阶,2026-03-17T10:00:00
user_144,res_056,2,0.6,deep_learning python web_backend,进阶,2026-03-20T20:00:00
user_144,res_041,2,0.71,deep_learning python web_backend,进阶,2026-03-25T22:00:00
user_144,res_061,2,0.47,deep_learning python web_backend,进阶,2026-03-28T23:00:00
user_144,res_016,3,0.93,deep_learning python web_backend,进阶,2026-03-29T22:00:00
user_144,res_055,3,0.84,deep_learning python web_backend,进阶,2026-04-08T21:00:00
user_144,res_025,2,0.69,deep_learning python web_backend,进阶,2026-04-16T23:00:00
user_144,res_032,3,0.84,deep_learning python web_backend,进阶,2026-04-28T20:00:00
user_144,res_010,3,0.57,deep_learning python web_backend,进阶,2026-04-30T05:00:00
user_144,res_037,4,0.83,deep_learning python web_backend,进阶,2026-04-30T11:00:00
user_144,res_053,3,0.58,deep_learning python web_backend,进阶,2026-05-05T20:00:00
user_144,res_031,3,0.7,deep_learning python web_backend,进阶,2026-05-07T23:00:00
user_144,res_022,4,1.0,deep_learning python web_backend,进阶,2026-05-26T05:00:00
user_144,res_019,3,0.59,deep_learning python web_backend,进阶,2026-05-29T15:00:00
user_144,res_018,4,1.0,deep_learning python web_backend,进阶,2026-06-08T05:00:00
user_144,res_004,4,0.69,deep_learning python web_backend,进阶,2026-06-09T04:00:00
user_144,res_014,3,0.78,deep_learning python web_backend,进阶,2026-06-12T01:00:00
user_145,res_020,2,0.46,machine_learning math python,基础,2026-03-16T15:00:00
user_145,res_045,2,0.8,machine_learning math python,基础,2026-03-29T00:00:00
user_145,res_048,2,0.46,machine_learning math python,基础,2026-04-11T02:00:00
user_145,res_050,4,0.95,machine_learning math python,基础,2026-04-20T17:00:00
user_145,res_032,2,0.68,machine_learning math python,基础,2026-04-26T11:00:00
user_145,res_039,3,0.95,machine_learning math python,基础,2026-05-01T08:00:00
user_145,res_061,3,0.87,machine_learning math python,基础,2026-05-07T15:00:00
user_145,res_025,3,0.9,machine_learning math python,基础,2026-05-08T05:00:00
user_145,res_064,2,0.77,machine_learning math python,基础,2026-05-08T22:00:00
user_145,res_012,5,0.81,machine_learning math python,基础,2026-05-15T05:00:00
user_145,res_042,2,0.84,machine_learning math python,基础,2026-05-29T13:00:00
user_145,res_043,3,0.81,machine_learning math python,基础,2026-06-05T06:00:00
user_145,res_051,5,1.0,machine_learning math python,基础,2026-06-19T20:00:00
user_146,res_003,3,0.62,career machine_learning web_backend,实战,2026-03-13T21:00:00
user_146,res_037,4,1.0,career machine_learning web_backend,实战,2026-03-18T19:00:00
user_146,res_011,3,0.81,career machine_learning web_backend,实战,2026-03-21T12:00:00
user_146,res_009,4,0.75,career machine_learning web_backend,实战,2026-03-25T04:00:00
user_146,res_014,4,0.9,career machine_learning web_backend,实战,2026-04-05T04:00:00
user_146,res_036,4,0.7,career machine_learning web_backend,实战,2026-04-08T11:00:00
user_146,res_008,3,0.75,career machine_learning web_backend,实战,2026-04-15T19:00:00
user_146,res_052,2,0.54,career machine_learning web_backend,实战,2026-05-06T09:00:00
user_146,res_042,3,0.71,career machine_learning web_backend,实战,2026-05-10T08:00:00
user_146,res_021,3,0.72,career machine_learning web_backend,实战,2026-05-13T15:00:00
user_146,res_001,2,0.52,career machine_learning web_backend,实战,2026-06-05T01:00:00
user_146,res_029,3,0.6,career machine_learning web_backend,实战,2026-06-29T21:00:00
user_147,res_060,5,1.0,career deep_learning python,实战,2026-03-16T05:00:00
user_147,res_055,3,0.81,career deep_learning python,实战,2026-03-19T12:00:00
user_147,res_018,4,0.69,career deep_learning python,实战,2026-03-29T12:00:00
user_147,res_014,3,0.64,career deep_learning python,实战,2026-04-04T03:00:00
user_147,res_035,3,0.87,career deep_learning python,实战,2026-04-18T00:00:00
user_147,res_046,2,0.82,career deep_learning python,实战,2026-04-19T05:00:00
user_147,res_037,3,0.91,career deep_learning python,实战,2026-04-21T15:00:00
user_147,res_005,4,0.94,career deep_learning python,实战,2026-04-22T02:00:00
user_147,res_019,5,1.0,career deep_learning python,实战,2026-04-23T04:00:00
user_147,res_042,2,0.56,career deep_learning python,实战,2026-05-13T09:00:00
user_147,res_045,3,0.91,career deep_learning python,实战,2026-05-15T15:00:00
user_147,res_043,3,0.64,career deep_learning python,实战,2026-05-27T16:00:00
user_147,res_024,4,0.97,career deep_learning python,实战,2026-06-09T17:00:00
user_147,res_047,3,0.59,career deep_learning python,实战,2026-06-11T07:00:00
user_147,res_013,2,0.67,career deep_learning python,实战,2026-06-23T01:00:00
user_147,res_041,3,0.57,career deep_learning python,实战,2026-06-25T10:00:00
user_148,res_030,3,0.88,linux python web_backend,实战,2026-03-02T13:00:00
user_148,res_027,2,0.51,linux python web_backend,实战,2026-03-12T05:00:00
user_148,res_012,3,0.93,linux python web_backend,实战,2026-03-18T15:00:00
user_148,res_028,2,0.57,linux python web_backend,实战,2026-03-18T16:00:00
user_148,res_059,3,0.85,linux python web_backend,实战,2026-04-01T23:00:00
user_148,res_046,4,0.69,linux python web_backend,实战,2026-04-06T17:00:00
user_148,res_044,4,1.0,linux python web_backend,实战,2026-04-09T13:00:00
user_148,res_019,3,0.55,linux python web_backend,实战,2026-04-27T05:00:00
user_148,res_018,3,0.91,linux python web_backend,实战,2026-05-07T07:00:00
user_148,res_023,3,0.7,linux python web_backend,实战,2026-05-18T06:00:00
user_148,res_039,4,1.0,linux python web_backend,实战,2026-05-21T02:00:00
user_148,res_029,2,0.7,linux python web_backend,实战,2026-05-26T17:00:00
user_148,res_052,3,0.85,linux python web_backend,实战,2026-05-31T13:00:00
user_148,res_033,4,1.0,linux python web_backend,实战,2026-06-21T16:00:00
user_148,res_032,3,0.84,linux python web_backend,实战,2026-06-27T07:00:00
user_149,res_035,2,0.8,linux nlp python,进阶,2026-03-01T04:00:00
user_149,res_031,3,0.61,linux nlp python,进阶,2026-03-06T04:00:00
user_149,res_064,3,0.89,linux nlp python,进阶,2026-03-08T11:00:00
user_149,res_059,2,0.61,linux nlp python,进阶,2026-04-08T11:00:00
user_149,res_019,3,0.6,linux nlp python,进阶,2026-04-15T23:00:00
user_149,res_016,2,0.41,linux nlp python,进阶,2026-04-25T15:00:00
user_149,res_062,2,0.53,linux nlp python,进阶,2026-04-26T21:00:00
user_149,res_055,3,0.64,linux nlp python,进阶,2026-04-30T12:00:00
user_149,res_022,2,0.41,linux nlp python,进阶,2026-05-20T18:00:00
user_149,res_044,3,0.68,linux nlp python,进阶,2026-06-01T05:00:00
user_149,res_020,2,0.56,linux nlp python,进阶,2026-06-20T22:00:00
user_149,res_050,2,0.57,linux nlp python,进阶,2026-06-23T05:00:00
user_149,res_052,2,0.73,linux nlp python,进阶,2026-06-24T01:00:00
user_149,res_054,2,0.64,linux nlp python,进阶,2026-06-24T04:00:00
user_149,res_024,3,0.93,linux nlp python,进阶,2026-06-27T20:00:00
user_149,res_008,4,1.0,linux nlp python,进阶,2026-06-28T14:00:00
user_150,res_032,2,0.56,deep_learning linux machine_learning,进阶,2026-03-02T21:00:00
user_150,res_050,2,0.47,deep_learning linux machine_learning,进阶,2026-03-05T08:00:00
user_150,res_049,3,0.75,deep_learning linux machine_learning,进阶,2026-03-24T06:00:00
user_150,res_036,2,0.7,deep_learning linux machine_learning,进阶,2026-04-13T13:00:00
user_150,res_026,3,0.93,deep_learning linux machine_learning,进阶,2026-04-24T00:00:00
user_150,res_062,3,0.85,deep_learning linux machine_learning,进阶,2026-04-25T15:00:00
user_150,res_044,3,0.6,deep_learning linux machine_learning,进阶,2026-05-05T05:00:00
user_150,res_054,3,0.78,deep_learning linux machine_learning,进阶,2026-05-21T04:00:00
user_150,res_052,2,0.62,deep_learning linux machine_learning,进阶,2026-06-06T13:00:00
user_150,res_027,2,0.82,deep_learning linux machine_learning,进阶,2026-06-10T00:00:00
user_150,res_021,3,0.83,deep_learning linux machine_learning,进阶,2026-06-12T03:00:00
user_150,res_009,5,0.88,deep_learning linux machine_learning,进阶,2026-06-14T13:00:00
user_150,res_016,4,1.0,deep_learning linux machine_learning,进阶,2026-06-16T12:00:00
user_150,res_046,3,0.86,deep_learning linux machine_learning,进阶,2026-06-19T08:00:00
user_151,res_056,3,0.72,math nlp python,进阶,2026-03-13T02:00:00
user_151,res_058,2,0.73,math nlp python,进阶,2026-03-16T01:00:00
user_151,res_028,4,0.98,math nlp python,进阶,2026-03-17T10:00:00
user_151,res_045,2,0.79,math nlp python,进阶,2026-03-24T01:00:00
user_151,res_020,3,0.8,math nlp python,进阶,2026-04-08T23:00:00
user_151,res_041,2,0.69,math nlp python,进阶,2026-04-11T06:00:00
user_151,res_018,2,0.46,math nlp python,进阶,2026-04-23T17:00:00
user_151,res_061,2,0.52,math nlp python,进阶,2026-05-02T11:00:00
user_151,res_008,4,0.98,math nlp python,进阶,2026-05-08T23:00:00
user_151,res_015,2,0.53,math nlp python,进阶,2026-05-17T03:00:00
user_151,res_042,3,0.92,math nlp python,进阶,2026-05-23T06:00:00
user_151,res_004,4,0.81,math nlp python,进阶,2026-05-23T08:00:00
user_151,res_022,3,0.58,math nlp python,进阶,2026-05-25T00:00:00
user_151,res_040,2,0.82,math nlp python,进阶,2026-05-31T13:00:00
user_151,res_031,4,1.0,math nlp python,进阶,2026-06-04T18:00:00
user_151,res_033,2,0.58,math nlp python,进阶,2026-06-22T03:00:00
user_152,res_011,3,0.62,career math web_backend,进阶,2026-03-15T00:00:00
user_152,res_034,4,0.77,career math web_backend,进阶,2026-03-16T05:00:00
user_152,res_008,3,0.95,career math web_backend,进阶,2026-03-22T14:00:00
user_152,res_028,2,0.53,career math web_backend,进阶,2026-03-24T00:00:00
user_152,res_051,4,1.0,career math web_backend,进阶,2026-04-05T04:00:00
user_152,res_058,3,0.95,career math web_backend,进阶,2026-04-07T01:00:00
user_152,res_033,4,0.88,career math web_backend,进阶,2026-04-07T01:00:00
user_152,res_027,3,0.76,career math web_backend,进阶,2026-04-08T07:00:00
user_152,res_039,4,0.92,career math web_backend,进阶,2026-04-17T10:00:00
user_152,res_031,3,0.87,career math web_backend,进阶,2026-04-28T16:00:00
user_152,res_002,2,0.75,career math web_backend,进阶,2026-05-22T07:00:00
user_152,res_046,3,0.7,career math web_backend,进阶,2026-05-27T17:00:00
user_152,res_041,3,0.56,career math web_backend,进阶,2026-05-28T06:00:00
user_152,res_005,2,0.5,career math web_backend,进阶,2026-05-29T00:00:00
user_152,res_059,4,0.82,career math web_backend,进阶,2026-06-08T12:00:00
user_153,res_064,3,0.92,linux machine_learning web_backend,进阶,2026-03-12T15:00:00
user_153,res_023,3,0.54,linux machine_learning web_backend,进阶,2026-03-21T05:00:00
user_153,res_015,4,0.95,linux machine_learning web_backend,进阶,2026-03-25T02:00:00
user_153,res_053,3,0.65,linux machine_learning web_backend,进阶,2026-04-02T00:00:00
user_153,res_021,2,0.6,linux machine_learning web_backend,进阶,2026-04-11T08:00:00
user_153,res_040,3,0.85,linux machine_learning web_backend,进阶,2026-04-18T20:00:00
user_153,res_019,2,0.68,linux machine_learning web_backend,进阶,2026-05-17T17:00:00
user_153,res_041,3,0.63,linux machine_learning web_backend,进阶,2026-06-01T13:00:00
user_153,res_057,2,0.62,linux machine_learning web_backend,进阶,2026-06-02T05:00:00
user_153,res_058,2,0.83,linux machine_learning web_backend,进阶,2026-06-08T18:00:00
user_153,res_004,2,0.68,linux machine_learning web_backend,进阶,2026-06-18T12:00:00
user_153,res_001,2,0.49,linux machine_learning web_backend,进阶,2026-06-19T05:00:00
user_154,res_064,2,0.64,deep_learning nlp python,基础,2026-03-03T01:00:00
user_154,res_039,2,0.8,deep_learning nlp python,基础,2026-03-04T07:00:00
user_154,res_002,4,0.7,deep_learning nlp python,基础,2026-03-14T09:00:00
user_154,res_053,3,0.88,deep_learning nlp python,基础,2026-03-15T15:00:00
user_154,res_008,4,0.91,deep_learning nlp python,基础,2026-03-16T11:00:00
user_154,res_062,3,0.88,deep_learning nlp python,基础,2026-04-09T10:00:00
user_154,res_025,3,0.91,deep_learning nlp python,基础,2026-04-19T21:00:00
user_154,res_001,3,0.66,deep_learning nlp python,基础,2026-05-05T13:00:00
user_154,res_042,2,0.49,deep_learning nlp python,基础,2026-05-07T10:00:00
user_154,res_049,2,0.51,deep_learning nlp python,基础,2026-05-09T22:00:00
user_154,res_007,3,0.93,deep_learning nlp python,基础,2026-05-16T00:00:00
user_154,res_063,2,0.47,deep_learning nlp python,基础,2026-05-23T09:00:00
user_154,res_009,2,0.47,deep_learning nlp python,基础,2026-06-06T18:00:00
user_154,res_052,3,0.59,deep_learning nlp python,基础,2026-06-07T02:00:00
user_154,res_047,3,0.53,deep_learning nlp python,基础,2026-06-10T03:00:00
user_154,res_034,3,0.88,deep_learning nlp python,基础,2026-06-18T22:00:00
user_154,res_056,3,0.93,deep_learning nlp python,基础,2026-06-23T01:00:00
user_155,res_018,3,0.67,deep_learning linux nlp,基础,2026-03-17T05:00:00
user_155,res_005,3,0.73,deep_learning linux nlp,基础,2026-03-18T03:00:00
user_155,res_037,3,0.9,deep_learning linux nlp,基础,2026-03-20T20:00:00
user_155,res_054,2,0.57,deep_learning linux nlp,基础,2026-03-27T00:00:00
user_155,res_046,5,1.0,deep_learning linux nlp,基础,2026-03-29T22:00:00
user_155,res_017,4,0.88,deep_learning linux nlp,基础,2026-03-30T12:00:00
user_155,res_023,4,0.71,deep_learning linux nlp,基础,2026-04-27T23:00:00
user_155,res_059,3,0.68,deep_learning linux nlp,基础,2026-05-03T13:00:00
user_155,res_052,2,0.72,deep_learning linux nlp,基础,2026-05-07T18:00:00
user_155,res_024,4,0.89,deep_learning linux nlp,基础,2026-05-08T17:00:00
user_155,res_032,4,1.0,deep_learning linux nlp,基础,2026-05-17T20:00:00
user_155,res_043,4,0.99,deep_learning linux nlp,基础,2026-05-23T07:00:00
user_155,res_007,2,0.59,deep_learning linux nlp,基础,2026-06-02T08:00:00
user_155,res_057,3,0.95,deep_learning linux nlp,基础,2026-06-13T02:00:00
user_156,res_053,3,0.58,deep_learning math python,基础,2026-03-08T20:00:00
user_156,res_027,3,0.73,deep_learning math python,基础,2026-03-18T23:00:00
user_156,res_059,2,0.71,deep_learning math python,基础,2026-03-19T12:00:00
user_156,res_055,4,0.91,deep_learning math python,基础,2026-03-21T00:00:00
user_156,res_036,2,0.47,deep_learning math python,基础,2026-04-01T02:00:00
user_156,res_064,2,0.77,deep_learning math python,基础,2026-04-23T04:00:00
user_156,res_009,2,0.72,deep_learning math python,基础,2026-04-24T05:00:00
user_156,res_010,3,0.83,deep_learning math python,基础,2026-04-24T11:00:00
user_156,res_016,2,0.82,deep_learning math python,基础,2026-04-30T13:00:00
user_156,res_015,2,0.73,deep_learning math python,基础,2026-05-04T05:00:00
user_156,res_054,3,0.58,deep_learning math python,基础,2026-05-14T02:00:00
user_156,res_014,3,0.72,deep_learning math python,基础,2026-05-22T22:00:00
user_156,res_004,4,1.0,deep_learning math python,基础,2026-05-27T14:00:00
user_156,res_048,2,0.77,deep_learning math python,基础,2026-06-26T18:00:00
user_157,res_026,2,0.77,career python web_backend,进阶,2026-03-22T01:00:00
user_157,res_040,4,0.93,career python web_backend,进阶,2026-03-25T08:00:00
user_157,res_036,3,0.57,career python web_backend,进阶,2026-04-09T00:00:00
user_157,res_028,3,0.73,career python web_backend,进阶,2026-04-10T20:00:00
user_157,res_039,4,0.97,career python web_backend,进阶,2026-04-20T16:00:00
user_157,res_048,2,0.83,career python web_backend,进阶,2026-05-01T01:00:00
user_157,res_015,2,0.53,career python web_backend,进阶,2026-05-09T03:00:00
user_157,res_053,2,0.45,career python web_backend,进阶,2026-05-12T18:00:00
user_157,res_004,3,0.56,career python web_backend,进阶,2026-05-17T10:00:00
user_157,res_005,3,0.85,career python web_backend,进阶,2026-06-01T11:00:00
user_157,res_063,3,0.79,career python web_backend,进阶,2026-06-05T09:00:00
user_157,res_012,2,0.5,career python web_backend,进阶,2026-06-27T01:00:00
user_158,res_053,4,0.67,deep_learning linux math,基础,2026-03-21T04:00:00
user_158,res_033,3,0.86,deep_learning linux math,基础,2026-03-21T16:00:00
user_158,res_025,2,0.61,deep_learning linux math,基础,2026-03-22T09:00:00
user_158,res_048,4,0.75,deep_learning linux math,基础,2026-03-28T21:00:00
user_158,res_031,2,0.53,deep_learning linux math,基础,2026-04-16T11:00:00
user_158,res_002,3,0.77,deep_learning linux math,基础,2026-05-03T03:00:00
user_158,res_010,2,0.84,deep_learning linux math,基础,2026-05-17T02:00:00
user_158,res_058,3,0.56,deep_learning linux math,基础,2026-05-20T02:00:00
user_158,res_007,2,0.72,deep_learning linux math,基础,2026-05-23T16:00:00
user_158,res_050,3,0.84,deep_learning linux math,基础,2026-05-27T12:00:00
user_158,res_054,3,0.61,deep_learning linux math,基础,2026-06-07T14:00:00
user_158,res_051,4,1.0,deep_learning linux math,基础,2026-06-09T02:00:00
user_158,res_061,3,0.68,deep_learning linux math,基础,2026-06-09T04:00:00
user_158,res_052,4,0.8,deep_learning linux math,基础,2026-06-18T13:00:00
user_158,res_038,3,0.59,deep_learning linux math,基础,2026-06-20T09:00:00
user_159,res_032,3,0.95,deep_learning nlp web_backend,进阶,2026-03-08T23:00:00
user_159,res_027,4,0.73,deep_learning nlp web_backend,进阶,2026-03-14T12:00:00
user_159,res_055,3,0.9,deep_learning nlp web_backend,进阶,2026-03-29T12:00:00
user_159,res_040,4,0.74,deep_learning nlp web_backend,进阶,2026-04-12T02:00:00
user_159,res_019,4,0.94,deep_learning nlp web_backend,进阶,2026-04-14T14:00:00
user_159,res_024,4,0.7,deep_learning nlp web_backend,进阶,2026-04-18T05:00:00
user_159,res_044,2,0.84,deep_learning nlp web_backend,进阶,2026-05-02T06:00:00
user_159,res_003,3,0.83,deep_learning nlp web_backend,进阶,2026-05-11T00:00:00
user_159,res_063,3,0.69,deep_learning nlp web_backend,进阶,2026-05-27T13:00:00
user_159,res_026,4,0.88,deep_learning nlp web_backend,进阶,2026-06-13T14:00:00
user_159,res_016,2,0.57,deep_learning nlp web_backend,进阶,2026-06-17T19:00:00
user_159,res_037,4,0.76,deep_learning nlp web_backend,进阶,2026-06-21T21:00:00
user_160,res_041,2,0.53,career deep_learning python,进阶,2026-03-11T09:00:00
user_160,res_039,2,0.71,career deep_learning python,进阶,2026-03-21T22:00:00
user_160,res_010,3,0.64,career deep_learning python,进阶,2026-03-23T02:00:00
user_160,res_021,3,0.91,career deep_learning python,进阶,2026-03-24T01:00:00
user_160,res_061,4,1.0,career deep_learning python,进阶,2026-03-28T01:00:00
user_160,res_037,2,0.8,career deep_learning python,进阶,2026-04-13T09:00:00
user_160,res_003,3,0.68,career deep_learning python,进阶,2026-04-23T15:00:00
user_160,res_014,3,0.72,career deep_learning python,进阶,2026-04-23T16:00:00
user_160,res_031,2,0.42,career deep_learning python,进阶,2026-06-06T21:00:00
user_160,res_020,4,0.68,career deep_learning python,进阶,2026-06-12T11:00:00
